code,name,roe,net_profit_ratio,gross_profit_rate,eps,bips,arturnover,inventory_turnover,currentasset_turnover,mbrg,nprg,nav,targ,epsg,seg,currentratio,quickratio,cashratio,icratio,sheqratio,adratio,cf_sales,rateofreturn,cf_nm,cf_liabilities,cashflowratio,beat
600007,中国国贸,2.88,28.31,54.5978,0.2359,0.8331,1.9573,11.266,0.3282,14.9583,16.5838,6.1277,3.3496,20.0,6.1274,1.9146,1.8911,157.1754,1258.2766,66.7307,33.2693,0.5736,0.0389,2.0252,0.117,33.7413,1
600008,首创环保,1.14,7.04,31.137,0.0406,0.5771,0.8315,2.512,0.2132,44.758,221.0624,25.6594,22.5353,96.6184,22.0417,0.6981,0.6566,23.7541,227.3756,34.9056,65.0944,0.0448,0.0019,0.5458,0.0029,0.6829,0
600011,华能国际,2.52,6.26,16.637,0.1991,3.1793,1.6841,6.2608,0.7308,23.6866,42.9985,19.3858,7.0093,54.5455,20.8233,0.4782,0.4328,10.0356,324.0126,32.824,67.176,0.227,0.0255,2.8118,0.038,7.6921,0
600017,日照港,1.57,12.83,29.7753,0.0648,0.505,2.4336,5.8905,0.5646,9.6694,8.7531,2.6458,19.7147,12.069,5.63,0.5575,0.5214,22.2227,375.3093,51.2435,48.7565,0.2835,0.0158,1.9713,0.0324,8.2895,0
600018,上港集团,3.27,38.42,48.0214,0.1274,0.3316,2.6868,0.2542,0.1743,42.3592,66.8356,6.5164,9.9924,77.1905,7.5907,2.1828,1.4163,102.7287,1784.4581,62.4898,37.5102,0.3746,0.0182,0.9091,0.0485,14.1137,0
600019,宝钢股份,2.82,6.4,14.5231,0.2406,3.7543,7.8112,1.6162,0.552,39.4085,242.3843,7.1864,7.5259,242.8571,5.7148,1.1668,0.8009,15.9574,2004.3675,55.4372,44.5628,0.1678,0.0377,2.3203,0.0846,10.4605,0
600021,上海电力,1.34,3.72,27.3066,0.1023,2.7518,0.6773,12.7186,0.3603,29.3405,85.4038,17.0788,21.5688,117.1084,3.5999,0.5192,0.5077,16.5507,215.3634,26.2715,73.7285,0.1987,0.0106,1.9044,0.0143,3.4134,0
600022,山东钢铁,2.83,2.31,8.9699,0.0563,2.4369,238.2833,4.7048,1.3224,37.5735,518.5518,5.6233,3.3309,2035.1852,5.766,0.6384,0.4883,28.4998,662.2882,43.4244,56.5756,0.1438,0.0523,3.9545,0.0925,10.9915,1
600023,浙能电力,1.5,7.28,8.69,0.0774,1.0631,2.2792,4.1542,0.4934,66.2905,114.3944,8.4045,4.9634,100.0,9.1239,2.0013,1.7493,109.3958,574.8423,67.7783,32.2217,0.0289,0.0036,0.3888,0.0112,2.9088,0
600026,中远海能,0.97,11.13,12.1135,0.0719,0.646,3.4673,3.0759,0.4251,-24.3633,-40.3035,4.4327,-9.0774,-53.9103,3.5978,0.6735,0.5817,32.4112,328.1644,55.0497,44.9503,0.1675,0.0078,1.2785,0.0174,5.2613,0
600027,华电国际,1.63,4.09,11.6078,0.1215,2.9669,2.7648,12.0552,1.1648,32.3134,6.3663,8.891,2.1567,-4.0404,8.1298,0.4586,0.4235,11.9754,314.4711,40.5898,59.4102,0.1368,0.0171,2.3527,0.0288,7.2299,0
600031,三一重工,8.91,16.61,29.8263,0.6526,3.9277,1.3564,1.127,0.3441,93.0197,155.1274,34.3564,44.7568,152.7468,33.757,1.5121,1.1823,38.0565,-4336.7357,45.1814,54.8186,0.0287,0.0068,0.1694,0.0123,1.4145,0
600038,中直股份,1.81,5.12,15.384,0.278,5.4284,1.2624,0.1737,0.141,63.9461,226.1723,9.4023,-4.0142,215.664,9.7603,1.4833,0.4226,16.6234,-8530.2168,36.9672,63.0328,-0.0727,-0.0092,-1.4674,-0.0146,-1.5543,1
600039,四川路桥,5.01,9.01,17.7902,0.2505,2.7781,1.2223,4.3513,0.2359,145.5953,321.5052,48.6925,13.1202,230.4749,50.3042,1.2104,1.1443,27.6416,348.9454,22.9766,77.0234,-0.1406,-0.0165,-1.5584,-0.0214,-4.0495,1
600048,保利发展,1.37,9.98,35.3674,0.2089,2.0932,10.1347,0.0212,0.0215,5.1698,6.3604,18.9459,24.1711,5.0,13.2881,1.5748,0.5309,17.2699,620.8976,21.3425,78.6575,-1.1994,-0.0229,-7.8314,-0.0291,-3.9743,0
600050,中国联通,1.13,2.05,26.6236,0.0545,2.6529,3.5823,23.737,0.7595,11.4436,21.3427,2.9435,0.81,22.2222,3.426,0.53,0.5146,11.764,-5284.7634,58.8678,41.1322,0.2466,0.0356,5.2859,0.0866,9.9572,0
600051,宁波联合,0.92,5.39,12.746,0.0884,1.6404,3.6395,0.1638,0.0975,-63.2404,-93.4463,5.6578,-10.474,-90.1099,0.862,1.5023,0.7043,45.9373,1584.113,47.3292,52.6708,-0.47,-0.0347,-13.2215,-0.0659,-6.9481,0
600053,九鼎投资,0.81,83.1,80.8596,0.0506,0.0609,0.2694,0.0031,0.0134,-62.7779,-32.7146,0.1066,-12.3754,-31.5789,0.5931,3.7954,0.6361,30.1755,391.1462,82.3455,17.6545,-0.7563,-0.006,-0.9384,-0.0342,-3.9252,1
600055,万东医疗,2.1,20.41,51.4396,0.0905,0.4437,1.5997,0.4564,0.1301,-4.0298,-0.1888,8.7481,3.5097,-3.1915,8.9696,4.6637,3.9865,198.4551,-2832.9879,84.9847,15.0153,-0.1712,-0.0144,-0.8429,-0.0958,-10.5109,1
600056,中国医药,2.08,2.48,14.0773,0.1992,8.0224,0.7376,1.0894,0.3461,14.5193,-13.3751,9.3118,0.2013,-19.3444,10.3587,1.4878,1.0821,14.2744,1062.6217,37.9344,62.0656,-0.0686,-0.0179,-2.1874,-0.0288,-3.5769,0
600057,厦门象屿,2.31,0.39,2.7319,0.1639,41.4323,6.3822,3.2973,1.1553,33.5617,28.6994,23.2005,22.6348,27.2727,10.6882,1.3051,0.8209,10.6301,279.0509,26.4101,73.5899,-0.21,-0.1831,-37.8981,-0.2487,-28.9847,0
600059,古越龙山,1.42,12.25,36.1843,0.0759,0.6197,3.7734,0.1593,0.1461,37.014,32.574,1.9502,3.7368,33.3333,2.0186,5.3414,2.1828,80.0155,-2984.6508,87.3505,12.6495,-0.1911,-0.0192,-1.574,-0.1516,-15.2477,1
600060,海信视像,1.28,1.95,16.3476,0.155,7.9311,3.1626,1.6944,0.398,53.4252,190.4123,7.3613,11.7065,297.4359,8.1856,2.0952,1.6359,19.3248,1721.4198,56.0604,43.9396,-0.1297,-0.0431,-4.5769,-0.098,-10.8494,1
600061,国投资本,2.31,666.46,-3.6159,0.2548,0.0382,0.3292,0.9227,0.0009,101.5659,67.686,17.2518,18.7348,66.6667,17.5405,1.326,1.3244,41.7219,1589.2771,21.74,78.26,68.0079,0.0465,9.1334,0.0594,7.5041,1
600062,华润双鹤,2.99,11.88,59.2821,0.2743,2.3079,1.8035,0.709,0.3368,10.3397,7.5294,13.0194,14.57,4.0592,7.7351,2.8548,2.2927,100.7032,-3832.8097,76.3931,23.6069,0.134,0.0244,1.086,0.1032,12.2877,0
600063,皖维高新,2.27,7.58,19.0364,0.0669,0.8826,5.4259,2.4655,0.4162,43.6676,163.8803,11.648,10.1706,168.0,11.2696,1.0673,0.9195,47.858,809.9736,51.6298,48.3702,0.0278,0.0043,0.3664,0.0088,1.191,0
600064,南京高科,4.0,28.17,25.8257,0.4475,1.5886,3.7107,0.124,0.1108,163.3634,-5.6507,10.7568,7.7564,-6.0797,10.8536,1.1116,0.3403,5.7754,1461.7353,46.5418,53.4582,-0.259,-0.0161,-0.8591,-0.0301,-3.3598,0
600070,浙江富润,3.6,16.37,12.6521,0.1698,1.0373,0.4785,52.3019,0.2016,-16.0436,28.557,-24.5852,-21.5647,41.6667,-15.3763,2.4803,2.4657,29.8341,1087.3517,64.9249,35.0751,-0.2007,-0.0287,-1.2479,-0.0819,-9.8853,1
600072,中船科技,0.09,0.82,11.7219,0.0052,0.6323,0.7252,0.3635,0.0695,159.3183,427.0348,6.6746,-18.4682,-37.5,1.415,2.0595,1.6891,81.8784,-1288.6137,47.9359,52.0641,0.5778,0.0303,97.12,0.0582,8.2742,0
600073,上海梅林,3.98,2.56,11.3584,0.1846,7.2086,3.9574,2.0036,0.7309,4.2152,-10.5373,7.2362,7.619,12.5,5.9553,1.4039,0.9775,51.928,-220.2514,46.198,53.802,-0.0373,-0.0163,-1.101,-0.0304,-3.7247,0
600075,新疆天业,6.08,18.55,37.5721,0.328,1.7682,10.7978,1.819,0.5936,198.8715,2923.4875,57.2995,91.4004,1275.0,60.8213,1.0051,0.8106,10.3992,1615.7328,51.1088,48.8912,0.0174,0.0028,0.094,0.0057,0.9254,0
600077,宋都股份,0.77,3.79,20.7277,0.0274,0.725,17.4068,0.0268,0.0245,14.5702,-44.0145,1.4855,7.4536,-40.0,0.8464,1.2733,0.3571,25.1146,159.0599,12.8546,87.1454,0.1865,0.0041,6.2698,0.0047,0.5702,1
600079,人福医药,2.49,6.44,45.429,0.1842,2.8598,0.7522,0.9788,0.2713,2.092,63.2953,1.6328,-15.1177,90.0,18.9511,1.4031,1.1952,40.1523,462.8054,44.2928,55.7072,-0.0277,-0.004,-0.3178,-0.0072,-1.0389,0
600085,同仁堂,3.13,8.59,46.7306,0.2321,2.7025,2.9628,0.3375,0.2212,22.3258,36.0265,6.5189,11.1251,33.3333,7.0033,2.8697,1.9168,153.0399,7911.0086,67.6881,32.3119,0.2601,0.0407,1.9787,0.1259,16.2833,1
600089,特变电工,5.4,22.45,22.9125,0.5706,2.5409,0.7204,1.0985,0.1835,19.7797,347.7879,8.7694,3.7172,414.5176,8.4042,1.3618,1.1707,46.5791,1731.7891,43.7979,56.2021,0.0343,0.0029,0.1398,0.0052,0.8559,1
600094,大名城,1.56,13.22,21.092,0.0841,0.6362,6.1544,0.0445,0.0498,-33.896,44.4794,-2.9416,-13.8179,75.052,3.3484,2.067,0.2584,17.8652,401.5697,37.681,62.319,0.1261,0.0054,0.9222,0.0087,1.3202,0
600096,云天化,8.17,4.35,14.8584,0.3129,7.1883,4.8744,1.8132,0.5402,18.3181,1707.062,37.9183,-11.2382,3860.7595,59.5228,0.6321,0.4747,26.3476,377.5197,16.8224,83.1776,0.0951,0.0228,1.8322,0.0274,3.0959,1
600098,广州发展,1.08,2.22,6.0307,0.0732,3.2924,4.2166,3.2187,0.8589,43.542,80.2036,5.5709,17.831,73.6111,7.9167,0.9902,0.7477,14.1113,228.8899,43.7113,56.2887,-0.0274,-0.005,-1.3209,-0.0089,-2.145,0
600101,明星电力,1.37,8.66,12.9572,0.0799,0.9222,19.0142,6.704,0.4168,6.7382,27.8585,3.5569,4.2463,29.288,3.3197,1.2913,1.2014,109.0238,-4318.4149,71.4138,28.5862,0.0751,0.0085,0.872,0.0296,3.9973,0
600104,上汽集团,2.55,3.71,11.088,0.586,15.7838,4.0614,2.6346,0.3342,82.1338,561.0758,7.578,11.4654,515.625,7.5905,1.1611,1.042,42.4662,215310.1422,35.9299,64.0701,0.0109,0.0022,0.2108,0.0035,0.434,0
600106,重庆路桥,1.5,174.57,85.2643,0.054,0.0309,43776378.9043,0.0172,0.0178,-32.2744,116.7688,29.3904,20.1791,66.6667,29.3904,2.6501,2.2411,198.8213,890.6207,63.3523,36.6477,1.2986,0.0071,0.7439,0.0193,6.1888,0
600108,亚盛集团,0.77,5.51,22.239,0.0159,0.2887,0.4152,0.4648,0.135,52.9304,731.9587,-17.8521,2.4511,657.1429,-17.3557,1.6203,1.276,51.5246,190.4093,45.6774,54.3226,0.024,0.0015,0.4414,0.0028,0.4929,0
600111,北方稀土,6.82,12.15,21.871,0.2132,1.754,1.982,0.5434,0.3288,39.7701,431.014,13.6189,12.829,434.6633,16.9603,4.0346,2.1634,85.2424,1193.7175,54.0028,45.9972,0.1037,0.0241,0.758,0.0523,13.1507,1
600113,浙江东日,1.72,18.87,42.8453,0.0626,0.3317,4.16,0.3517,0.2287,64.8648,55.8545,2.5188,10.4682,50.0,1.4088,1.6094,1.0802,82.3516,-4921.8735,73.2961,26.7039,0.9297,0.06,5.0257,0.2247,31.6664,0
600114,东睦股份,1.68,5.26,26.6634,0.0732,1.3924,0.8995,0.9951,0.3792,67.1518,91.3908,-0.137,7.8746,75.0,0.1466,1.0349,0.7204,17.2196,378.8568,51.5037,48.4963,0.0534,0.0077,0.8499,0.0159,2.1269,1
600116,三峡水利,1.53,7.75,14.1804,0.0833,1.0745,2.4195,5.979,0.5368,880.4247,612.9209,253.2058,291.746,233.3333,237.2219,0.5954,0.547,17.3911,397.6807,53.5748,46.4252,-0.0171,-0.0018,-0.222,-0.0038,-0.5239,0
600118,中国卫星,0.94,4.15,14.2219,0.0477,1.1479,0.6608,0.5029,0.1484,22.2999,28.0594,6.7036,8.6365,25.0,4.6038,2.1696,1.5961,43.8697,-9947.0136,61.0109,38.9891,-0.1047,-0.0111,-2.1075,-0.0285,-3.2203,0
600120,浙江东方,0.59,1.98,3.8375,0.0366,1.8448,16.1743,4.5253,0.3227,163.2516,82.1677,19.1571,22.1558,100.0,21.2107,1.4351,1.3543,55.997,825.3985,50.9905,49.0095,-0.0117,-0.0017,-0.5116,-0.0035,-0.5127,0
600123,兰花科创,2.06,10.43,38.7302,0.1985,1.9022,14.3257,2.2509,0.4329,44.1855,795.4869,2.0462,2.0154,320.7627,3.475,0.5102,0.4477,20.9236,339.0021,40.7266,59.2734,0.0398,0.0031,0.4342,0.0053,0.7859,1
600125,铁龙物流,1.84,2.71,5.1492,0.0897,3.3101,9.759,1.6408,0.8962,2.2591,-15.7189,3.7939,10.7048,-16.6667,3.8223,2.5326,1.3637,58.4256,1993.5042,63.579,36.421,0.0302,0.013,1.11,0.0358,6.5694,0
600126,杭钢股份,1.78,3.41,6.1014,0.1061,3.1053,46.4789,2.8007,0.5832,77.4488,157.1521,7.3665,17.9523,175.0,5.2148,1.7633,1.3634,65.2522,-601.8836,63.6578,36.3422,-0.0061,-0.002,-0.1784,-0.0054,-0.5509,0
600127,金健米业,1.47,0.65,4.5193,0.0171,2.6329,12.7081,1.6967,1.0249,66.3403,54.8923,3.378,11.8462,44.5378,3.3683,1.0884,0.4596,14.1451,348.7246,34.4567,65.5433,0.0005,0.0003,0.07,0.0005,0.0542,0
600128,弘业股份,0.3,0.6,5.5244,0.0233,3.8597,1.9876,5.7128,0.4361,64.3286,99.957,16.801,17.3218,470.7317,12.8336,1.3066,1.1997,30.2537,-1773.0174,55.7717,44.2283,-0.2855,-0.0627,-34.4164,-0.1417,-17.5404,0
600131,国网信通,0.93,4.09,18.1448,0.0366,0.8938,0.1997,2.7264,0.1234,14.4922,4.5292,68.5372,14.748,5.2632,68.5516,1.5554,1.4702,27.2899,-3563.9184,46.7064,53.2936,-0.8203,-0.0874,-20.0298,-0.164,-16.9551,0
600132,重庆啤酒,33.53,9.02,51.0033,0.6102,6.7615,25.1269,1.1726,0.9129,489.2482,1280.6747,40.43,173.8151,771.4286,-39.3858,0.5136,0.3214,28.0846,22623.3446,22.9299,77.0701,0.4016,0.1379,2.1326,0.1789,19.2216,1
600135,乐凯胶片,0.64,2.95,15.0293,0.0303,1.0256,1.3595,1.2018,0.2478,51.9591,141.3672,1.535,1.0109,175.4545,1.4729,4.4868,3.686,98.8416,-1732.1639,81.5438,18.4562,-0.1832,-0.0325,-5.9678,-0.1761,-20.3104,1
600137,浪莎股份,1.14,8.89,17.0456,0.061,0.686,1.1546,0.6756,0.1239,37.3766,22.566,1.7934,0.5789,22.0,1.7934,3.5672,3.008,115.9505,-443.7852,77.9316,22.0684,-0.2273,-0.0228,-2.5547,-0.1034,-10.3662,1
600141,兴发集团,3.6,7.93,21.7645,0.3168,3.9902,4.0881,2.177,0.6831,14.3335,7475.0098,16.7437,-0.5317,1500.0,20.0419,0.552,0.4078,15.853,463.7613,37.9488,62.0512,0.0996,0.0151,1.1631,0.0243,3.7539,1
600143,金发科技,4.9,8.44,20.5134,0.297,3.5192,2.1057,1.5981,0.5685,63.5989,436.926,45.5257,21.7558,439.2015,46.0942,1.712,1.213,48.0097,575.6123,44.1849,55.8151,-0.0246,-0.0063,-0.2908,-0.0112,-2.222,0
600148,长春一东,2.94,4.09,27.2988,0.1031,2.5179,1.258,0.8912,0.3058,59.2824,45.801,12.6627,20.8857,56.0606,10.6482,1.7223,1.2764,25.0569,-2073.3092,43.7818,56.2182,-0.1237,-0.0303,-2.1018,-0.0539,-6.2409,0
600149,廊坊发展,-0.35,-0.83,19.0372,-0.0015,0.1895,4.6312,6.3977,0.4691,-6.778,-60.8193,-11.4498,-2.7585,-166.6667,-19.9852,0.9117,0.8588,46.4093,12912.8933,42.1504,57.8496,-0.5457,-0.0636,-9.0105,-0.11,-27.4631,1
600153,建发股份,1.9,0.72,3.0582,0.2712,37.3981,15.8312,0.4052,0.2644,58.7479,-64.337,47.4733,50.3945,-50.0,25.167,1.5031,0.5572,19.316,665.9375,19.4034,80.5966,-0.3805,-0.081,-47.1014,-0.1005,-13.2736,0
600155,华创阳安,0.91,314.01,90.753,0.0785,0.025,0.2562,0.8923,0.0011,-64.4987,5.5226,-0.5452,6.2855,14.2857,-0.6218,1.7549,1.7547,33.836,637.7342,30.6012,69.3988,13.0265,0.0116,4.13,0.0167,2.4979,1
600157,永泰能源,0.49,3.84,20.9431,0.0093,0.244,1.8565,8.0604,0.592,17.3332,224.8508,60.4631,-1.1759,308.6957,77.5696,0.4114,0.3871,6.8585,162.7899,43.8278,56.1722,0.1869,0.0097,5.028,0.0172,4.4375,1
600160,巨化股份,0.09,0.32,11.0978,0.0043,1.3326,5.8109,2.5813,0.6263,7.9313,260.7212,-1.7801,-2.3184,0.0,-2.4228,2.2481,1.7005,61.4775,-414.2169,81.0256,18.9744,0.087,0.0197,25.7011,0.1036,12.0926,1
600161,天坛生物,3.24,17.9,47.4021,0.1209,0.6753,53.7384,0.2028,0.1783,11.7966,15.1903,16.4321,19.2337,-7.6923,14.7125,4.3207,2.3406,165.5408,-5987.8391,78.3575,21.6425,0.3184,0.0338,1.1866,0.156,24.0407,0
600163,中闽能源,4.57,45.53,70.7445,0.1025,0.2252,0.3295,4.4449,0.1504,72.3967,114.6489,20.0845,17.5267,117.8344,19.7414,1.2402,1.2281,48.2118,588.7691,37.0752,62.9248,0.5867,0.021,1.1714,0.0334,10.4654,0
600165,新日恒力,0.28,7.23,12.6647,0.004,0.0558,1.0429,0.4074,0.0627,83.4285,-54.2356,37.4973,24.9315,81.8182,6.4424,0.5121,0.4259,31.7047,116.804,39.7702,60.2298,0.1013,0.0012,6.9764,0.002,0.3959,1
600167,联美控股,7.54,41.32,61.7424,0.3065,0.7416,1.7046,2.6995,0.223,-3.5547,-22.3358,9.9046,10.7863,-21.5141,9.8629,3.4412,3.3568,235.0462,-1823.1109,73.7635,26.2365,-0.2152,-0.028,-0.5061,-0.1069,-17.6331,0
600168,武汉控股,1.76,20.73,38.1849,0.1363,0.6576,0.2105,65.4135,0.1201,39.1665,90.8458,4.4569,-1.2611,100.0,4.6693,0.9543,0.9531,31.7948,235.448,34.5968,65.4032,-0.0251,-0.0007,-0.1205,-0.0011,-0.2843,0
600170,上海建工,0.36,0.22,7.767,0.0157,7.1131,1.5821,0.8089,0.2531,56.1832,25.5029,29.6929,34.929,-83.3333,19.8992,1.2177,0.853,32.2974,164.3652,14.6117,85.3883,-0.3088,-0.0623,-89.9951,-0.073,-9.736,0
600171,上海贝岭,4.05,32.43,30.6958,0.1977,0.6096,1.4089,0.9171,0.2286,119.0191,256.7296,11.3717,17.7951,233.3333,11.3305,5.7171,4.6987,141.2364,-1369.0721,85.6706,14.3294,0.0123,0.0013,0.0375,0.0091,1.5516,1
600173,卧龙地产,3.78,25.7,50.8869,0.1771,0.6893,321.8258,0.0554,0.0689,37.0591,39.8861,15.0856,5.4956,40.0158,15.0932,1.5012,0.5522,37.3793,-1219.1358,40.8107,59.1893,-0.6225,-0.0374,-2.4236,-0.0632,-6.3397,1
600176,中国巨石,5.74,26.61,43.5211,0.3036,1.141,2.1156,1.4815,0.3499,63.6247,254.8787,18.1952,7.9608,243.4389,15.6415,0.9698,0.8486,19.1412,1118.7968,51.4698,48.5302,0.3051,0.0323,1.1409,0.0665,10.0711,0
600177,雅戈尔,1.94,30.91,61.9746,0.1268,0.4104,6.0683,0.0463,0.0437,-51.222,-43.0484,13.7979,-0.4203,-40.9091,13.9983,0.9483,0.5868,32.796,-2054.1205,37.7131,62.2869,0.068,0.0016,0.2206,0.0026,0.2957,0
600180,瑞茂通,3.25,1.78,5.5231,0.2013,11.2514,1.0536,12.1678,0.5852,50.5345,64.731,-0.1003,23.6243,64.8118,0.1287,0.8697,0.8335,21.9681,332.3871,21.2577,78.7423,0.0474,0.0183,2.6492,0.0232,2.3525,0
600183,生益科技,4.77,12.08,27.9475,0.2375,1.9662,0.8747,1.23,0.3934,46.6648,55.9622,36.3184,35.8053,60.0,23.9382,1.7534,1.3865,48.704,2278.8764,60.2054,39.7946,0.1666,0.0342,1.3133,0.086,9.9825,0
600185,格力地产,2.63,13.2,38.2954,0.1105,0.8368,4.2645,0.0412,0.0564,155.989,311.5833,9.5596,13.4983,300.0,9.5926,1.989,0.3405,29.2004,294.0744,22.5015,77.4985,0.7092,0.0318,5.3791,0.041,7.7811,1
600186,莲花健康,2.78,2.66,15.8886,0.0079,0.3003,3.9095,3.0106,0.4725,40.1923,2.3023,91.0198,22.9375,-11.1111,22.5814,0.6728,0.5896,40.938,384.2016,10.4697,89.5303,0.0412,0.011,1.4158,0.0123,1.2617,0
600188,兖矿能源,4.37,7.24,22.8048,0.4619,6.373,7.7937,3.0732,0.5301,-31.9015,21.495,-4.298,18.8052,48.8103,-17.2452,0.5876,0.5092,26.4097,398.9097,30.0747,69.9253,0.1017,0.0123,1.397,0.0175,3.1403,0
600190,锦州港,0.78,3.39,14.9328,0.0257,0.7577,3.3178,6.1868,0.351,24.8032,2.6242,2.1932,-0.3122,8.04,2.318,0.8088,0.7324,15.2931,144.3669,36.7272,63.2728,0.0196,0.0016,0.5945,0.0026,0.5573,0
600195,中牧股份,3.47,12.53,25.6871,0.1592,1.2701,2.1258,1.3198,0.4566,21.0319,32.4713,16.2801,21.3471,1.7903,9.2423,2.224,1.6548,61.6782,23270.653,78.6177,21.3823,-0.1749,-0.0319,-1.2494,-0.1492,-17.2565,0
600196,复星医药,2.24,10.51,52.5303,0.3305,3.1433,1.6735,0.7398,0.3076,36.997,50.9133,18.6767,11.6277,43.4783,15.1714,1.0548,0.8548,42.9965,991.371,54.2524,45.7476,0.0915,0.0085,0.7528,0.0186,2.8469,1
600197,伊力特,3.61,24.15,61.044,0.2799,1.1592,6.4994,0.2466,0.2282,255.3298,1525.596,26.5021,8.8093,1363.0921,27.1994,4.3022,2.7886,207.2383,-2711.6147,82.1177,17.8823,-0.0439,-0.0052,-0.1792,-0.0292,-4.2637,1
600200,江苏吴中,4.88,17.43,23.9868,0.1332,0.7645,0.837,2.7686,0.1998,26.6865,1153.9598,-17.8907,-9.5298,1109.0909,-17.8796,1.6658,1.5792,83.7719,708.1676,50.3631,49.6369,0.9666,0.1362,5.5436,0.2744,31.625,1
600201,生物股份,4.06,40.68,67.6578,0.1876,0.4612,0.7316,0.473,0.1599,41.8513,36.9492,9.3716,10.5421,46.1538,8.6267,5.1639,4.6029,227.4119,-4191.8182,84.7377,15.2623,0.0521,0.0042,0.1246,0.0274,4.2228,1
600202,哈空调,0.79,3.36,15.1204,0.0147,0.4397,0.2406,0.3812,0.097,7.1538,7.1806,5.3415,13.9071,8.0292,5.3103,1.2237,0.9744,18.0588,397.9387,30.5857,69.4143,-0.7954,-0.0577,-23.9357,-0.0831,-9.2127,0
600206,有研新材,1.84,1.68,4.4111,0.0726,4.3048,7.5003,3.2216,1.2048,63.8735,942.5768,7.2795,18.1881,775.0,7.8579,3.4616,2.021,20.8562,1098.8305,75.3562,24.6438,-0.2144,-0.1652,-12.3879,-0.6702,-83.4532,1
600207,安彩高科,8.13,16.39,22.4356,0.175,1.0675,3.5745,4.6677,0.7884,63.5774,603.7892,14.8266,14.958,644.6809,15.0242,2.1195,1.8382,45.2911,6525.642,70.2878,29.7122,-0.0071,-0.0024,-0.0426,-0.0082,-1.0727,1
600208,新湖中宝,1.32,23.82,11.0146,0.0591,0.2484,27.5538,0.0362,0.0273,39.3145,286.0974,10.391,-8.0196,275.0,10.5314,1.2406,0.3837,22.5183,188.3718,29.204,70.796,1.1175,0.0179,4.8209,0.0253,3.8763,0
600210,紫江企业,2.27,5.49,20.3577,0.0816,1.4861,1.4464,0.9299,0.3762,21.5918,204.1458,10.5081,5.3789,192.8571,10.5125,1.4601,0.9874,41.7839,692.4841,49.2172,50.7828,-0.0165,-0.0032,-0.2812,-0.0062,-0.8572,1
600211,西藏药业,5.72,31.79,89.8145,0.6339,1.9936,1.3813,0.7302,0.3503,66.5526,22.6287,6.0692,11.8449,-13.6986,5.971,3.2487,3.1007,155.7189,27752.2889,85.4231,14.5769,0.4457,0.0682,1.3895,0.4682,48.6573,1
600212,江泉实业,0.81,3.36,18.035,0.004,0.1206,2.0591,13.2338,0.4623,-27.6219,-70.132,6.3351,5.9528,-69.8529,6.3351,3.624,3.5149,156.4535,-28189.9401,84.9522,15.0478,-0.1456,-0.03,-4.327,-0.1993,-24.9656,0
600215,派斯林,1.47,60.91,36.1635,0.0799,0.1311,138.6282,0.0345,0.0229,400.5731,406.6931,-2.3695,-1.5286,436.0759,-2.3695,9.4128,5.4881,193.0724,-864.9076,89.7322,10.2678,0.5235,0.0114,0.8595,0.1108,11.2568,1
600216,浙江医药,3.35,11.11,41.0008,0.2765,2.4866,1.8286,0.9564,0.4534,49.9829,78.5349,-1.2532,2.9544,86.6667,-0.7682,2.4315,1.7729,67.5938,1676.0052,75.6666,24.3334,0.0169,0.0037,0.1645,0.0153,1.809,1
600217,中再资环,4.62,14.48,35.5347,0.0766,0.5295,0.1681,4.2936,0.1345,88.8624,175.8741,24.7387,10.0836,179.927,25.199,1.6602,1.6266,29.6747,438.891,36.2479,63.7521,0.1699,0.0195,1.1828,0.0306,3.713,0
600218,全柴动力,2.61,4.4,12.9038,0.1587,3.6059,1.6057,2.1298,0.3802,60.8015,136.0625,9.2606,7.9189,128.5714,8.7836,1.6061,1.3463,14.0558,-630.9708,49.4228,50.5772,-0.1493,-0.0424,-3.4515,-0.0838,-8.9939,0
600219,南山铝业,1.3,9.35,23.7514,0.0448,0.48,2.3372,0.8923,0.2365,15.9795,77.0733,5.8543,3.1471,100.0,4.2311,2.0807,1.6561,116.8671,3140.9292,77.2608,22.7392,0.1363,0.0134,1.3783,0.059,6.4091,1
600222,太龙药业,1.59,6.45,29.8692,0.0468,0.7248,0.8101,0.8352,0.2178,2.3311,-28.0191,33.7061,32.7982,-29.781,25.3475,1.3061,1.0699,33.2856,254.3625,48.2297,51.7703,-0.1046,-0.0116,-1.6341,-0.0225,-2.9342,1
600223,鲁商发展,2.06,5.03,32.6471,0.085,1.6898,8.1303,0.0241,0.0287,21.3165,42.2809,32.8126,6.5864,41.6667,47.7865,1.1577,0.214,8.562,3827.9405,10.4799,89.5201,0.1458,0.004,2.6806,0.0045,0.4807,1
600229,城市传媒,3.05,16.82,38.9212,0.1296,0.77,1.1921,0.6046,0.2286,9.7166,-20.4677,2.682,0.4066,-20.7339,2.6205,1.8995,1.4526,95.5383,5577.1691,69.7809,30.2191,-0.028,-0.0035,-0.1668,-0.0117,-1.205,0
600231,凌钢股份,2.75,4.11,7.6133,0.0842,2.0466,172.8771,2.749,0.8228,34.9208,5241.997,11.4521,6.3357,5200.0,11.4521,1.0057,0.7433,50.6635,-5260.7619,51.4299,48.5701,-0.0599,-0.0206,-1.4551,-0.0424,-4.7188,1
600233,圆通速递,2.11,4.13,8.2677,0.1172,2.8357,6.4123,162.2505,1.0588,61.9083,43.9762,8.8214,24.1893,23.4737,8.5193,0.9768,0.9708,49.9268,-13062.6303,65.8697,34.1303,-0.0418,-0.0138,-0.963,-0.0404,-4.4259,0
600234,科新发展,3.48,3.57,14.7768,0.0231,0.6488,0.4978,6089.9153,0.2411,89.8752,69.4024,61.3258,63.4518,81.8182,76.7983,0.7018,0.7018,10.434,283.785,15.779,84.221,-0.3259,-0.0437,-9.1482,-0.0518,-5.9615,1
600235,民丰特纸,1.14,4.16,20.2491,0.0442,1.0634,1.5264,0.7574,0.3511,21.4246,98.9482,4.1595,2.9842,100.0,4.1595,1.2356,0.7856,23.4019,381.5814,60.1776,39.8224,-0.0278,-0.0046,-0.6674,-0.0115,-1.1592,0
600236,桂冠电力,2.28,20.36,42.4339,0.0496,0.2436,1.7,8.863,0.496,13.3485,39.4525,12.6009,0.5071,25.0,15.5343,0.7214,0.7062,43.3303,335.1096,44.3391,55.6609,0.8077,0.0347,3.5641,0.0624,27.798,0
600251,冠农股份,3.22,4.54,4.3159,0.1033,2.2728,10.1465,0.8464,0.4496,432.3894,113.477,17.9285,31.3821,128.0353,13.3131,1.4287,0.8109,34.323,739.5975,54.659,45.341,0.6362,0.2041,11.4315,0.4501,46.2476,1
600252,中恒集团,2.64,15.62,78.8738,0.0519,0.3323,1.4704,0.3722,0.2051,17.3175,40.0541,35.1947,52.7029,17.1111,5.6354,1.9282,1.7232,120.2483,-2212.9693,71.2308,28.7692,0.0089,0.0008,0.0473,0.0029,0.3419,0
600256,广汇能源,4.54,14.53,31.0822,0.1188,0.818,5.5096,3.3987,0.6977,77.3967,260.7517,6.9503,8.5162,211.2565,8.8863,0.3554,0.3095,17.2183,349.6197,33.002,66.998,0.2777,0.028,1.9489,0.0419,6.8496,0
600257,大湖股份,0.3,1.33,25.7384,0.0074,0.5564,1.4097,0.3633,0.2428,48.5938,108.1232,8.0977,35.7133,-26.7327,-0.813,2.0864,1.1395,64.0659,227.7656,56.455,43.545,-0.1125,-0.0132,-3.1037,-0.0303,-5.393,1
600259,广晟有色,2.31,1.51,4.4441,0.1346,8.8775,9.3202,1.288,0.7509,70.7011,3832.7054,3.0003,9.8699,550.0,2.0694,1.4049,0.5854,26.0426,407.3637,35.8976,64.1024,-0.1814,-0.092,-10.3089,-0.1435,-17.4491,0
600261,阳光照明,4.43,17.89,30.3284,0.1254,0.7008,1.047,0.8437,0.2193,6.3472,114.8989,8.6677,3.7443,116.6667,8.7836,2.6088,2.1295,131.8018,-4198.1602,65.2703,34.7297,-0.2607,-0.0419,-1.4571,-0.1208,-15.1852,1
600262,北方股份,1.4,6.42,19.9023,0.1027,1.599,0.583,0.3906,0.1403,-19.0923,5.6675,4.0851,-8.9998,5.6584,4.0851,1.9268,1.2476,27.3278,460.0987,49.5501,50.4499,-0.4966,-0.0537,-7.7302,-0.1064,-13.3107,0
600267,海正药业,1.79,4.09,39.6803,0.1075,2.6247,1.7911,0.7392,0.4486,22.7502,267.7598,-7.2794,-8.2939,-264.8649,12.9047,0.7006,0.4303,11.5404,355.3424,35.2713,64.7287,0.075,0.0116,1.2257,0.0179,2.5474,0
600273,嘉化能源,4.18,20.41,29.6647,0.2371,1.1616,3.1817,1.7844,0.6497,40.7985,39.0372,12.422,12.564,35.5632,12.4456,1.4357,1.0649,35.9312,-9683.204,81.6581,18.3419,-0.1047,-0.0175,-0.5135,-0.0955,-9.9687,0
600276,恒瑞医药,4.64,21.59,86.8611,0.2806,1.2995,1.2862,0.4767,0.2419,25.367,14.5625,23.617,23.9681,-3.4483,23.2592,8.4602,7.8694,363.7209,-2061.3061,89.8076,10.1924,0.0288,0.0055,0.1332,0.0541,5.7659,0
600278,东方创业,0.93,0.57,3.0637,0.0724,12.5182,5.5814,6.0978,0.7971,189.9922,334.1144,54.8579,89.9396,600.0,56.3323,1.3876,1.1833,41.4334,-130.65,39.6937,60.3063,-0.058,-0.0356,-7.7528,-0.059,-6.2291,0
600279,重庆港,0.04,0.18,7.3477,0.002,1.123,5.2189,1.8822,0.4607,60.6152,0.8451,2.1677,-0.3079,-23.0769,1.6946,1.2895,0.9869,47.6557,150.9885,53.5862,46.4138,0.0466,0.0049,7.3086,0.0105,2.7085,0
600282,南钢股份,3.97,5.78,10.61,0.1591,2.7526,20.5705,2.0235,0.7274,46.9066,65.6083,10.526,7.2729,53.6023,43.141,1.1061,0.7435,27.9737,5166.357,49.1932,50.8068,0.032,0.0106,0.5545,0.021,2.4352,0
600283,钱江水利,1.92,12.61,44.9082,0.1103,0.8743,2.6446,0.2814,0.2195,12.131,168.1698,9.4907,13.6001,266.6667,8.2007,0.8139,0.4511,30.4929,747.566,43.7212,56.2788,0.1951,0.0101,1.1961,0.018,3.358,0
600284,浦东建设,1.83,4.19,5.9374,0.1238,2.9502,2.335,1.4534,0.2439,34.8644,43.3495,3.5452,18.069,43.4028,5.5221,1.3673,1.1314,26.6281,-2553.4233,40.2657,59.7343,-0.2423,-0.0421,-5.7128,-0.0704,-8.4102,1
600285,羚锐制药,3.98,16.38,77.6015,0.17,1.038,3.6632,0.3956,0.287,20.0128,26.7171,6.1108,7.1886,25.9259,6.1733,1.7489,1.4807,84.5673,-3023.5377,64.5114,35.4886,0.3824,0.0598,2.3337,0.1685,17.99,1
600287,江苏舜天,-0.19,-0.44,8.8802,-0.0106,2.3775,4.5749,1.7985,0.257,31.4594,-95.0729,3.3545,0.9312,-107.0542,3.3625,1.5945,1.3631,42.0494,35.8876,50.4446,49.5554,-0.2283,-0.0457,-72.6683,-0.0923,-9.9126,0
600292,远达环保,0.32,1.67,14.8142,0.0211,1.2641,0.6142,2.0554,0.2407,46.1639,1593.4706,0.4947,-4.1518,1900.0,-0.2092,1.2952,1.1733,14.1128,270.5774,57.1913,42.8087,-0.0651,-0.0066,-3.4979,-0.0155,-1.9735,1
600295,鄂尔多斯,4.81,10.21,33.1781,0.4835,4.7344,6.1848,1.4058,0.4137,54.5683,496.1754,11.8347,-6.5721,500.0,13.0386,0.7795,0.6266,38.7505,749.5476,41.4971,58.5029,0.3236,0.0473,2.3864,0.0808,10.5626,1
600298,安琪酵母,6.98,16.64,33.2371,0.5364,3.2233,2.933,0.8506,0.5845,29.5518,40.5649,21.6197,11.9066,45.7267,22.3932,1.4096,0.7489,21.9418,7641.3565,58.3631,41.6369,-0.1673,-0.0391,-0.9895,-0.0939,-13.4925,1
600299,安迪苏,2.63,12.27,37.578,0.1369,1.1161,1.8581,1.0739,0.4495,4.9501,6.4515,-12.3019,-5.2764,27.2727,-1.2211,1.8914,1.3952,71.2768,-1468.6983,74.5969,25.4031,0.1811,0.0263,1.4769,0.1034,15.4588,0
600305,恒顺醋业,3.18,15.24,39.3717,0.0786,0.5157,5.7827,1.0579,0.3775,10.9759,2.4128,5.8857,3.727,-18.8854,6.2915,2.8045,2.1877,39.6868,4106.2175,78.8216,21.1784,0.0675,0.0107,0.4381,0.0506,7.0879,1
600308,华泰股份,3.61,8.37,14.2091,0.2801,3.3439,5.2471,2.5226,0.5848,51.0828,117.547,7.3946,11.0083,110.5263,8.0983,1.1075,0.9028,37.9199,2560.2513,57.1767,42.8233,0.0732,0.0178,0.8801,0.0416,4.3061,0
600309,万华化学,12.06,21.14,32.1313,2.1088,9.9729,4.2446,1.9945,0.6662,104.0821,351.5212,27.5943,40.0879,379.5455,25.595,0.6978,0.5333,25.395,2787.925,38.354,61.646,0.0964,0.02,0.4474,0.0324,3.9398,0
600315,上海家化,2.52,8.0,64.7735,0.2496,3.1193,1.9097,0.8373,0.3282,27.0403,41.9183,6.0385,7.6268,38.8889,6.0385,1.9851,1.7159,44.8096,2324.7197,55.8459,44.1541,0.2344,0.0412,2.9296,0.0934,14.6149,1
600318,新力金融,0.16,2.21,82.6876,0.0046,0.2102,4.6224,55.4085,0.0576,-8.5937,-26.5505,-2.2151,-11.5799,-53.0,11.9092,1.0754,1.0752,87.6881,258.5567,49.4155,50.5845,-0.6226,-0.013,-3.2658,-0.0256,-4.0465,1
600323,瀚蓝环境,3.01,11.72,27.8518,0.311,2.6526,1.7793,2.6091,0.5211,46.3432,84.5471,18.9296,18.3818,77.7778,19.8838,0.5112,0.4399,14.1041,372.3173,32.6042,67.3958,0.2306,0.018,1.9834,0.0267,5.7758,0
600325,华发股份,2.58,8.7,26.9441,0.2618,3.0086,51.7183,0.0209,0.0212,-29.4928,-18.8852,41.3567,30.9512,-13.7931,2.0964,1.8278,0.4481,24.1093,2249.0578,19.4941,80.5059,0.8409,0.0157,7.3016,0.0195,3.1631,1
600327,大东方,3.04,5.02,16.3382,0.1219,2.4262,13.2697,0.8808,0.5369,59.2243,118.8211,5.2919,31.5228,139.2157,5.7835,1.4579,0.7402,54.8668,2073.0204,48.866,51.134,0.085,0.0238,1.655,0.0466,6.2049,1
600328,中盐化工,3.77,10.78,21.4882,0.2663,2.4694,10.9426,2.4443,0.7795,30.7036,228.3764,20.7923,-3.1126,253.3156,23.523,0.573,0.4293,14.3651,1064.0855,52.5964,47.4036,0.3069,0.0527,2.6382,0.1112,12.5702,1
600329,中新药业,3.53,11.65,42.1426,0.2752,2.3613,1.1073,0.7267,0.3123,10.3205,24.1811,8.3632,9.2671,26.6968,8.3789,2.4756,1.8986,84.883,-3127.7352,70.0941,29.9059,0.0618,0.0128,0.521,0.0429,4.5864,1
600330,天通股份,2.26,12.3,25.007,0.105,0.8536,0.6236,0.6085,0.2375,66.3541,8.6443,6.4542,6.1045,8.0808,6.5963,1.4655,1.0504,18.2776,804.6074,63.8075,36.1925,0.0829,0.0096,0.6644,0.0264,2.8537,1
600332,白云山,5.86,8.11,22.4709,1.001,12.3299,1.5959,1.7177,0.4103,18.0242,35.3956,9.7156,11.0057,37.5,9.4379,1.6435,1.3714,70.8543,-3044.7528,47.5731,52.4269,0.0839,0.0268,0.9866,0.051,5.492,1
600335,国机汽车,0.19,0.16,5.7703,0.0138,8.3077,2.6278,1.9704,0.4856,85.7141,347.2096,1.2584,-10.386,122.5806,3.5286,1.3072,1.043,25.516,313.3651,33.8504,66.1496,0.0548,0.0216,32.4702,0.0326,3.6059,1
600336,澳柯玛,1.08,1.37,20.1253,0.0315,2.2877,1.4819,0.8606,0.3097,42.2665,98.6602,18.8354,12.3595,5.3333,13.3356,1.2818,0.8929,25.0384,-481.527,31.6461,68.3539,0.1038,0.0227,4.4619,0.0332,3.919,0
600338,西藏珠峰,8.86,43.32,69.4154,0.2231,0.5151,6.3849,1.29,0.781,-10.464,85.0291,-20.3431,-9.9389,85.0746,-18.427,0.3633,0.2939,13.1293,-2749.8271,58.712,41.288,0.375,0.0462,0.8655,0.1118,11.1777,1
600346,恒力石化,8.04,7.72,14.0286,0.584,7.5621,19.7256,2.1369,0.9394,78.8045,90.1379,31.5953,2.0744,90.3226,32.7373,0.6716,0.4178,20.3658,444.3885,25.4374,74.5626,0.1124,0.0297,1.4528,0.0399,6.5619,0
600348,华阳股份,1.99,4.29,14.91,0.1922,4.4797,3.2506,13.3902,0.6211,27.4632,48.2354,3.714,21.5187,18.75,0.4537,0.6481,0.6249,40.689,604.9952,41.5602,58.4398,0.1202,0.0209,2.1065,0.0358,4.3552,1
600351,亚宝药业,2.27,8.16,60.5007,0.084,1.0301,1.5905,0.6644,0.4463,27.1925,61.9047,4.284,-5.4524,62.0424,4.1885,1.6094,1.2179,37.471,1039.9552,69.8672,30.1328,0.1597,0.0307,1.9904,0.1019,11.1417,1
600356,恒丰纸业,1.66,7.59,28.4433,0.127,1.6731,1.2183,0.7802,0.3228,30.6107,133.0899,6.0997,2.4491,160.0,5.924,2.3863,1.7313,54.9177,847.5851,74.0204,25.9796,0.1982,0.0311,2.4547,0.1197,14.586,0
600359,新农开发,4.42,11.96,26.2852,0.0599,0.5011,6.8279,0.4111,0.234,78.6908,85.689,14.5032,-5.2855,114.2857,14.1978,0.7357,0.4444,12.9137,427.2083,30.3694,69.6306,0.1766,0.0203,1.503,0.0292,3.227,0
600360,华微电子,0.35,2.36,21.4776,0.0114,0.4846,1.1832,1.6008,0.154,18.6698,30.2816,0.4368,6.9398,0.0,0.4522,1.6634,1.5429,101.7634,157.1487,50.8798,49.1202,0.098,0.0074,4.1493,0.0151,2.5003,1
600361,华联综超,1.49,1.43,30.3278,0.0526,3.6561,41.4962,1.5612,0.576,-34.3428,-46.5516,-16.9213,13.4745,-50.0,-16.9345,0.8743,0.6237,48.7816,158.9225,20.6541,79.3459,-0.0953,-0.0205,-6.6214,-0.0258,-5.3971,0
600363,联创光电,2.08,5.8,10.7695,0.1347,2.3194,1.0895,1.279,0.3149,34.0977,207.746,13.2298,5.1796,189.6774,11.7175,1.3755,1.0491,29.7411,970.8549,56.4073,43.5927,-0.2631,-0.0466,-3.755,-0.107,-12.2219,0
600370,三房巷,2.68,3.82,5.8065,0.0433,1.1323,2.7112,2.3638,0.5661,1935.7664,912.2417,282.5444,572.1693,246.4,335.7768,1.3508,1.0077,60.4459,3639.6525,51.3312,48.6688,-0.1124,-0.0391,-2.8683,-0.0804,-9.0612,0
600372,中航电子,1.29,7.1,27.1559,0.0723,1.0172,0.2584,0.2863,0.1073,59.53,89.4387,34.4818,4.1227,69.7183,35.8332,1.6964,1.2062,28.1393,502.2189,45.8464,54.1536,-0.0635,-0.0051,-0.8571,-0.0095,-1.1655,1
600373,中文传媒,2.4,14.45,34.8977,0.2761,1.9098,2.5881,1.3,0.1433,2.498,2.7575,8.0796,7.1642,7.6923,7.9543,2.051,1.8977,140.2024,-1270.8306,56.9873,43.0127,-0.1946,-0.0182,-1.3483,-0.0423,-5.2395,0
600376,首开股份,-0.47,-1.36,17.8386,-0.0579,4.2308,19.6691,0.0479,0.0395,185.8135,-63.7255,8.3716,-0.5497,-181.3929,4.7301,1.9449,0.6296,22.6113,170.2459,19.7296,80.2704,0.1875,0.0065,10.4948,0.0081,1.4664,0
600378,昊华科技,2.38,10.64,28.5692,0.1709,1.606,1.0856,1.3713,0.2691,44.2857,61.7507,8.4289,14.5348,63.8318,9.1429,2.6827,2.2786,86.455,-11473.165,65.5644,34.4356,-0.03,-0.0043,-0.2788,-0.0126,-2.1415,0
600379,宝光股份,1.16,3.23,15.5995,0.0202,0.6261,0.9545,1.3092,0.2914,22.1782,83.8542,4.0447,16.9697,83.6364,4.0447,2.1645,1.7404,58.9477,1357.2653,58.1554,41.8446,0.2133,0.0446,6.5984,0.1065,12.664,1
600380,健康元,3.22,8.85,65.0563,0.1875,2.1183,1.6612,0.8022,0.2226,30.0487,31.9636,10.201,19.6808,30.3472,6.6859,2.453,2.2212,155.7525,-2112.504,69.3735,30.6265,0.1193,0.0173,0.6527,0.0565,6.4427,1
600383,金地集团,0.97,7.79,31.8054,0.1251,1.6046,15.8061,0.0254,0.0216,-0.3249,-56.8742,19.2119,20.9678,-55.1724,9.8272,1.4267,0.6024,22.9905,861.6591,22.1931,77.8069,-0.7087,-0.012,-5.2957,-0.0154,-2.1053,0
600388,龙净环保,2.22,7.41,24.932,0.1319,1.7801,0.7175,0.1607,0.101,26.1392,109.5304,9.8222,0.4815,116.6667,8.7405,1.2696,0.6756,15.7863,623.1163,26.1264,73.8736,-0.1289,-0.0099,-1.7053,-0.0134,-1.7045,0
600389,江山股份,5.56,7.52,15.2972,0.3937,5.2324,2.0377,2.6893,0.6492,24.9323,21.9651,-0.988,2.2644,19.5507,-0.5945,1.2751,1.0263,30.5628,-266186.9675,47.8,52.2,-0.05,-0.0172,-0.6402,-0.033,-4.2588,0
600390,五矿资本,2.73,136.21,0.6696,0.2858,0.2098,66.0789,4.1853,0.0114,-37.6464,41.9124,44.7589,18.8948,28.5714,32.6157,1.0192,1.0168,45.3706,2697.9227,37.7603,62.2397,6.1394,0.0384,3.5953,0.0617,6.7886,0
600392,盛和资源,3.81,13.21,22.8579,0.177,1.3398,1.1424,0.6266,0.31,32.2961,1693.2986,58.1587,37.5023,2837.7049,54.8577,1.8325,1.141,37.5663,1827.4877,65.0443,34.9557,-0.1192,-0.0211,-0.8742,-0.0603,-6.4085,0
600395,盘江股份,2.87,12.06,31.3444,0.1252,1.0385,2.749,5.4307,0.3652,25.9559,59.9955,2.6512,23.5463,56.25,-3.1791,0.9167,0.8723,30.8943,735.5648,44.9131,55.0869,0.1838,0.0177,1.4885,0.0322,6.0262,0
600396,金山股份,1.33,1.41,13.9744,0.0194,1.3757,1.8202,6.702,0.742,0.1452,-91.2812,-4.0726,1.658,-84.7059,-3.2298,0.2471,0.2234,8.2139,127.4677,12.2526,87.7474,0.2136,0.0218,27.6564,0.0248,4.1716,0
600398,海澜之家,5.78,15.33,42.906,0.195,1.2719,5.3355,0.427,0.2626,42.7735,186.7007,5.1895,2.7298,185.7143,5.8574,1.8075,1.1995,100.0527,6242.3872,48.6602,51.3398,0.2184,0.0397,1.4596,0.0772,10.0247,0
600399,抚顺特钢,3.32,9.58,16.7075,0.0876,0.9144,3.3141,0.8967,0.3481,25.0837,115.5252,14.2363,10.8275,115.2334,14.2363,3.4707,2.3297,19.9098,1081.5076,54.3634,45.6366,-0.2306,-0.0435,-2.4061,-0.0952,-26.892,1
600400,红豆股份,1.48,8.73,30.2231,0.02,0.229,1.5711,3.7041,0.3732,-12.6497,-23.1513,-11.3742,-19.2465,-33.3333,-11.6936,2.3712,2.2104,125.1016,-5637.2704,83.1695,16.8305,-0.1999,-0.027,-2.2413,-0.1607,-19.8569,0
600406,国电南瑞,0.58,4.08,22.0531,0.0435,1.0647,0.2677,0.4452,0.1063,27.0181,150.9176,12.445,14.2942,100.0,12.5263,1.7911,1.4156,41.5928,-433.5086,57.8301,42.1699,-0.2364,-0.0183,-5.4672,-0.0435,-4.6421,0
600415,小商品城,2.71,48.81,54.9238,0.0687,0.1408,4.771,0.2612,0.0769,2.3546,41.1126,4.5548,-7.7337,40.0,4.9529,0.908,0.7858,50.0913,1417.1891,47.6775,52.3225,-0.3455,-0.0092,-0.7124,-0.0175,-2.4364,0
600419,天润乳业,2.08,7.22,18.9757,0.1244,1.7229,5.2466,1.4371,0.6059,33.1946,93.4082,7.7321,6.1895,71.4286,8.0227,1.1211,0.7589,48.5709,-3997.9589,68.2088,31.7912,-0.022,-0.0039,-0.2808,-0.0124,-1.5501,0
600420,国药现代,2.64,5.61,45.5463,0.2149,3.8256,1.9198,0.6395,0.3728,18.9448,58.5704,7.7079,4.0167,62.9265,8.1478,1.6317,1.1221,55.2875,2655.9205,52.7181,47.2819,0.0267,0.0055,0.3614,0.0116,1.5695,1
600422,昆药集团,4.19,10.28,43.9513,0.257,2.4995,1.2659,0.5994,0.3427,20.9154,110.0323,8.2733,3.7617,112.9246,8.1141,1.9026,1.2701,34.4058,9946.4035,59.1821,40.8179,-0.1404,-0.0328,-1.3491,-0.0803,-9.2138,1
600426,华鲁恒升,9.24,31.49,40.2693,0.9688,3.0758,145.7943,9.8717,1.2361,69.0934,266.8373,17.4776,23.2087,267.0455,16.2502,1.2203,1.1364,40.3995,8043.5737,75.4587,24.5413,0.2134,0.0468,0.6776,0.1906,26.9869,0
600428,中远海特,0.22,1.37,15.4239,0.0101,0.7389,4.098,3.7647,0.5036,-20.1115,471.0306,-1.0701,-0.6422,400.0,-1.1119,0.6786,0.595,16.1544,149.2753,43.9233,56.0767,-0.0064,-0.0005,-0.405,-0.0008,-0.2296,0
600433,冠豪高新,0.98,4.35,19.1513,0.0219,0.5043,1.5429,1.6131,0.4339,37.7097,15.9791,5.3676,-1.2844,17.6471,5.4654,1.6956,1.3394,32.9891,550.572,73.1428,26.8572,0.0307,0.0051,0.7271,0.019,2.2128,0
600436,片仔癀,6.7,28.23,48.2744,0.9369,3.318,3.6314,0.4869,0.2326,16.7616,23.4592,19.0213,18.8423,20.5128,19.3051,4.8344,3.716,315.7363,-5371.0498,80.8198,19.1802,0.3393,0.062,1.15,0.3232,36.8331,1
600438,通威股份,2.71,7.98,20.747,0.1882,2.3586,8.8648,2.5207,0.3855,35.6874,148.7837,45.1584,42.6641,112.1759,40.6136,1.0567,0.9169,22.2297,850.0724,45.0568,54.9432,0.1587,0.0231,1.8873,0.042,6.0376,1
600439,瑞贝卡,0.63,5.79,30.9924,0.0157,0.2717,1.2266,0.0679,0.0776,17.0898,21.6748,-2.5711,-0.3713,21.7054,-2.5417,1.8732,0.4295,24.1344,232.1239,55.6429,44.3571,0.0247,0.0015,0.4318,0.0034,0.351,1
600444,国机通用,1.23,5.26,13.5612,0.0522,0.9924,0.8497,0.6121,0.1422,2.8844,42.4099,4.4471,17.1582,40.5405,4.4471,2.1026,1.7015,97.1147,-226.4538,56.4743,43.5257,-0.3555,-0.0471,-6.7475,-0.1082,-11.0841,1
600448,华纺股份,0.32,0.57,9.9714,0.0074,1.3079,2.6853,0.8436,0.4015,19.3875,-41.4181,-4.3374,4.4553,-50.0,-4.4441,0.9593,0.5262,30.6985,160.8294,39.3297,60.6703,0.0021,0.0005,0.3494,0.0008,0.0848,0
600452,涪陵电力,7.4,20.1,25.295,0.3504,1.7429,1.7474,264.1416,0.7048,26.0353,45.114,5.2949,18.4184,2.9412,5.2949,0.3806,0.3792,13.8851,1602.7927,36.1956,63.8044,0.2101,0.028,1.0448,0.0439,5.7001,0
600455,博通股份,0.86,2.83,43.9452,0.0248,0.878,15.7312,10.3058,0.1735,10.6621,-68.7718,15.4491,3.3696,-71.0801,16.2439,0.6016,0.5955,57.425,282.548,34.6327,65.3673,-0.6928,-0.0503,-15.8479,-0.077,-7.7311,0
600458,时代新材,1.58,2.02,16.0929,0.0954,4.7164,1.3644,1.0878,0.3512,63.4305,2008.2581,10.0657,11.4344,900.0,7.7493,1.2495,0.9153,24.6701,686.8981,30.9925,69.0075,-0.0651,-0.0153,-3.0623,-0.0221,-2.8201,1
600459,贵研铂业,4.73,1.96,5.0931,0.3891,19.8498,5.2551,1.8245,0.9313,71.5035,26.9092,7.6363,36.6505,25.8065,7.2627,1.6875,0.862,27.9726,422.6161,32.7341,67.2659,-0.1143,-0.0847,-5.5451,-0.126,-16.1198,1
600461,洪城环境,3.83,10.45,21.4197,0.2287,2.1872,3.5358,4.016,0.3544,55.3353,38.5705,15.4076,39.5044,35.2941,15.1912,0.9124,0.8255,52.833,1067.8812,36.3283,63.6717,0.0635,0.0076,0.5415,0.012,2.0273,1
600466,蓝光发展,3.11,8.18,27.9182,0.1849,2.2583,2.4625,0.0285,0.0282,29.0408,11.9136,15.2549,25.7235,16.4835,-9.2564,1.441,0.4094,15.6368,426.9501,17.6475,82.3525,0.239,0.0061,2.8152,0.0075,0.9541,0
600467,好当家,0.3,4.54,20.3012,0.0068,0.1517,6.8535,0.1466,0.1065,1.5799,-18.949,1.0759,6.3418,0.0,1.1489,0.7565,0.306,26.917,131.7044,50.3578,49.6422,0.1895,0.0064,5.3581,0.0129,1.4988,1
600468,百利电气,1.46,5.25,23.166,0.0239,0.4557,0.5691,0.6881,0.2187,25.0648,42.0024,7.6615,6.6038,46.1538,8.1178,1.5323,1.1637,33.3434,1786.8268,56.4702,43.5298,-0.1093,-0.0156,-1.7465,-0.0358,-3.6833,0
600469,风神股份,0.93,1.76,13.7635,0.0373,2.1142,1.6901,1.3496,0.3915,45.0352,33.8365,37.4524,6.038,0.0,37.4524,0.9281,0.7066,26.216,691.7067,37.4854,62.5146,0.0507,0.0101,2.8719,0.0161,1.7828,0
600475,华光环能,2.73,11.92,15.3059,0.3626,3.0419,1.1305,1.6928,0.2182,75.0293,22.0629,22.5277,24.6444,28.1937,24.0226,1.0372,0.9319,35.6947,3138.0055,48.1763,51.8237,-0.0051,-0.0005,-0.0405,-0.001,-0.1133,0
600477,杭萧钢构,2.15,4.78,15.7888,0.0414,0.8665,1.7746,2.1737,0.305,108.4175,-55.3051,18.7095,3.7746,-59.0,18.4362,1.3365,1.1656,11.7869,863.516,47.7462,52.2538,-0.1288,-0.0264,-2.4727,-0.0506,-5.2393,0
600479,千金药业,1.64,4.15,46.9869,0.0906,2.1798,2.9538,0.9095,0.2861,13.6083,0.9685,4.9663,8.0724,0.5549,4.011,2.3999,1.9734,56.3679,-1842.488,65.7478,34.2522,0.0603,0.0129,1.2028,0.0376,4.1403,1
600483,福能股份,3.38,19.39,28.1626,0.3082,1.5895,1.0387,5.4508,0.4561,74.1564,682.0333,33.3381,34.9027,334.7826,27.2767,1.1516,1.0992,54.2111,807.4198,52.8307,47.1693,0.3225,0.0246,1.4051,0.0522,15.8385,0
600486,扬农化工,6.98,11.98,23.4838,1.4339,11.964,2.0713,1.8682,0.5356,17.4273,-0.3046,15.2797,10.7623,-0.4167,15.2601,1.6523,1.3414,50.2938,-3442.8007,52.8053,47.1947,0.1256,0.0387,1.0461,0.0819,10.3058,0
600487,亨通光电,1.29,3.78,15.9989,0.1118,2.9522,0.6905,1.1742,0.204,17.2938,29.4607,38.5634,19.3408,-8.8091,45.8116,1.5334,1.3127,55.7485,259.5907,46.3914,53.6086,-0.1321,-0.018,-3.7734,-0.0337,-3.9737,0
600488,天药股份,0.84,3.0,55.0307,0.023,0.7691,2.0287,0.3363,0.433,15.6333,-2.9728,5.295,18.6999,-34.2857,2.244,1.1195,0.4784,13.7856,686.0333,60.304,39.696,0.1028,0.0137,1.695,0.0345,4.8126,0
600489,中金黄金,1.94,4.29,13.8772,0.0994,2.3139,32.4347,0.7052,0.5272,53.2762,173.5275,24.1976,11.8636,150.0,60.9164,1.3323,0.4555,31.9745,1120.0114,52.813,47.187,-0.1411,-0.0309,-2.6362,-0.0655,-8.9863,1
600491,龙元建设,1.62,3.72,9.1682,0.1231,3.3094,1.5375,12.3713,0.1772,7.2537,0.4055,6.0633,4.0819,0.0,7.3059,0.917,0.9157,14.9531,558.8641,20.5735,79.4265,-0.0331,-0.0027,-0.9282,-0.0034,-0.5608,0
600493,凤竹纺织,0.63,2.12,12.8647,0.0179,0.8453,1.3538,0.7573,0.2403,19.0691,212.9049,3.5327,17.6855,214.0351,3.5327,1.2523,0.845,37.5001,357.0251,38.9748,61.0252,-0.182,-0.0211,-8.5756,-0.0346,-5.3584,1
600496,精工钢构,1.9,4.8,15.1705,0.0658,1.3704,1.4408,1.8987,0.2258,17.2851,5.0031,29.3675,9.6605,-6.2678,29.5206,1.4534,1.287,29.1098,622.0601,45.0851,54.9149,-0.2008,-0.0358,-4.191,-0.0652,-6.6909,0
600497,驰宏锌锗,2.47,7.03,14.8036,0.0726,1.0327,133.4402,2.6961,1.8054,54.6421,109.8958,-2.5244,-7.0349,109.2219,-0.405,0.5221,0.233,12.7198,669.6797,58.7883,41.2117,0.1005,0.0179,1.4379,0.0434,8.7446,0
600499,科达制造,3.09,9.02,24.725,0.1009,1.1186,1.7429,0.6303,0.2953,65.9094,331.6707,31.9786,9.5403,410.0,31.9995,1.246,0.8003,36.3087,2581.8729,50.3769,49.6231,0.0085,0.0013,0.0636,0.0026,0.3113,1
600500,中化国际,2.33,1.78,13.8129,0.1119,6.2853,3.3003,1.9711,0.5563,44.8527,82.056,12.6783,21.6059,2687.8049,2.5375,1.1814,0.9126,37.8053,11612.5067,40.6424,59.3576,-0.1466,-0.0359,-2.7043,-0.0605,-7.9196,1
600502,安徽建工,2.76,2.06,9.2255,0.1691,8.1994,0.7317,0.7922,0.1917,112.6738,354.9404,26.0572,20.5784,325.0,24.024,1.1813,0.933,22.6584,236.8128,16.6666,83.3334,-0.2078,-0.0265,-8.1041,-0.0318,-4.6219,0
600503,华丽家族,2.84,24.64,51.5869,0.0692,0.2809,86.5047,0.117,0.1772,-5.7384,-0.9618,-4.8334,-12.8124,-2.3977,-4.1437,2.1273,0.5465,23.4495,2181.5764,72.7461,27.2539,-0.4395,-0.037,-1.8153,-0.1359,-17.787,0
600507,方大特钢,5.73,13.67,21.4121,0.2564,1.8746,8.9401,2.2134,0.3924,26.9479,106.7071,38.5351,5.0322,36.8421,39.7287,2.0932,1.8054,129.866,-1244.2135,64.8888,35.1112,-0.0318,-0.0083,-0.2315,-0.0237,-2.4104,0
600508,上海能源,1.82,9.56,24.9883,0.2656,2.7764,4.3689,4.2629,0.9236,14.7722,-7.5767,3.2633,-0.978,-15.625,3.7618,0.5634,0.4657,17.7589,1503.7556,62.3093,37.6907,0.0756,0.009,0.757,0.0238,3.8735,0
600509,天富能源,1.5,5.94,22.4829,0.0791,1.3315,3.1839,3.7606,0.3304,22.8903,87.7726,-0.8037,6.9221,138.9728,-1.4049,0.768,0.7236,32.9002,194.14,30.3614,69.6386,0.147,0.0102,2.1269,0.0146,3.7376,0
600511,国药股份,2.53,2.87,6.5671,0.3947,13.7134,1.1967,2.9604,0.4711,26.0304,30.8951,7.2294,4.0516,28.3577,8.8897,2.0206,1.6981,48.3439,-4201.0046,53.9831,46.0169,-0.1162,-0.0487,-3.6654,-0.1059,-11.1335,1
600513,联环药业,2.31,7.65,52.1294,0.0882,1.1528,0.8746,0.8015,0.3227,13.6219,37.0959,9.4419,9.2694,28.5714,8.7447,1.2046,0.9605,21.2851,1372.6807,58.1672,41.8328,0.0181,0.0029,0.1883,0.0069,0.7282,1
600516,方大炭素,0.85,14.38,29.9749,0.0351,0.2444,1.8545,0.4658,0.0705,13.2835,115.177,4.7663,3.2743,23.0769,4.0559,7.3865,6.5702,222.4731,-440.9727,86.1258,13.8742,0.0528,0.0025,0.349,0.0183,2.7403,1
600517,国网英大,1.31,40.15,14.8257,0.0401,0.1001,0.1332,0.5446,0.0205,87.3448,2.1652,19.3694,21.2528,-55.5556,23.2833,1.402,1.3539,28.5328,5693.1308,47.9606,52.0394,1.1713,0.0158,2.0356,0.0304,3.2981,0
600517,国网英大,1.31,40.15,14.8257,0.0401,0.1001,0.1332,0.5446,0.0205,87.3448,2.1652,19.3694,21.2528,-55.5556,23.2833,1.402,1.3539,28.5328,5693.1308,47.9606,52.0394,1.1713,0.0158,2.0356,0.0304,3.2981,0
600521,华海药业,3.77,17.04,62.9324,0.1753,1.029,0.9016,0.2282,0.237,-4.6927,11.7969,16.025,22.5254,5.8824,15.9189,2.3757,1.4061,66.2247,1275.7836,53.9072,46.0928,0.0432,0.005,0.249,0.0108,2.5143,0
600522,中天科技,2.05,4.47,12.7054,0.1606,3.588,1.1946,1.3687,0.3331,23.7148,56.9811,15.2276,10.8044,38.5399,12.5236,2.0663,1.5802,53.3883,700.9453,54.9467,45.0533,-0.1448,-0.0352,-2.9524,-0.0782,-10.1832,0
600523,贵航股份,1.25,5.86,24.2865,0.0821,1.4017,0.9801,1.1422,0.2984,34.3295,43580.0474,3.9535,4.1401,4110.5263,4.3021,5.5768,4.4915,160.4764,-1318.3051,88.6954,11.3046,-0.1244,-0.0223,-2.0072,-0.1969,-21.1983,0
600526,菲达环保,0.28,1.13,14.7175,0.0107,0.9535,1.1806,0.3241,0.1008,-5.6117,-48.9078,2.3265,-1.8809,-50.0,1.5078,1.097,0.7853,10.9451,137.5331,31.3225,68.6775,-0.411,-0.0316,-46.8416,-0.0459,-4.7658,0
600527,江南高纤,0.52,6.65,16.4716,0.0075,0.1134,25.7599,0.6656,0.1266,2.0906,64.9375,3.921,4.9518,38.1818,3.921,12.2495,10.4188,184.9429,-2303.0435,93.3114,6.6886,0.0032,0.0002,0.0476,0.0035,0.4868,0
600528,中铁工业,2.25,7.08,17.5603,0.2213,3.1232,0.8601,0.4206,0.2103,47.554,44.2177,16.3957,16.4273,40.0,15.1873,1.5132,0.86,28.6955,-2735.7265,49.3146,50.6854,-0.1633,-0.025,-2.3376,-0.0493,-5.1163,0
600529,山东药玻,3.53,16.86,27.5543,0.2625,1.5565,1.3134,0.8926,0.3046,21.7135,14.9004,10.2668,7.7577,13.0435,10.2668,2.5196,1.8726,37.0504,-7774.5006,78.2582,21.7418,-0.0663,-0.0109,-0.3928,-0.05,-5.2643,0
600530,交大昂立,1.91,17.55,43.8169,0.0209,0.119,1.0464,1.3369,0.3744,10.6658,2.2834,12.3178,3.1707,-8.6957,12.9186,1.3519,1.1404,37.6181,551.8807,65.0729,34.9271,0.0291,0.002,0.143,0.0056,1.6266,1
600532,未来股份,0.17,0.62,3.9457,0.0064,1.0407,8.2557,24.4001,0.2934,-56.6842,-40.7581,0.9138,-7.69,0.0,0.9163,4.0047,3.9576,357.6297,162.9523,74.9773,25.0227,0.9583,0.2045,155.8199,0.8173,114.484,1
600533,栖霞建设,5.98,13.34,36.2202,0.2541,1.9046,76.9212,0.0823,0.1048,134.485,83.1069,10.9745,10.2833,84.6657,11.1988,1.5116,0.3155,23.1253,844.488,20.3686,79.6314,0.5272,0.0472,3.9746,0.0593,8.3256,1
600535,天士力,2.62,18.3,64.8565,0.2135,1.1662,1.0144,0.4446,0.195,-55.3712,10.4258,4.267,-32.5977,9.9233,7.5068,3.2245,2.7018,72.6178,1837.686,77.0055,22.9945,0.2294,0.0246,1.2534,0.1071,14.7382,1
600538,国发股份,0.5,4.51,26.4062,0.0082,0.1837,0.487,1.1174,0.1904,59.686,264.7136,31.5228,39.009,263.6364,30.4758,2.6287,2.2681,77.1527,-339.2503,82.2879,17.7121,-0.306,-0.0278,-7.6518,-0.1571,-15.8489,0
600539,狮头股份,0.95,4.7,27.8951,0.0176,0.3752,3.1772,0.556,0.1706,847.5724,107.1436,23.5576,37.3181,20.0,2.924,5.9725,4.713,372.6302,-218.4094,85.4309,14.5691,0.0247,0.0035,0.2935,0.0238,2.5221,0
600540,新赛股份,0.83,1.03,3.4491,0.0121,1.168,23.979,1.4241,0.7451,152.149,272.5484,3.2587,3.8133,218.4211,1.6698,0.806,0.6139,34.5262,149.3099,47.2592,52.7408,0.7115,0.2779,75.451,0.5269,56.0999,0
600540,新赛股份,0.83,1.03,3.4491,0.0121,1.168,23.979,1.4241,0.7451,152.149,272.5484,3.2587,3.8133,218.4211,1.6698,0.806,0.6139,34.5262,149.3099,47.2592,52.7408,0.7115,0.2779,75.451,0.5269,56.0999,0
600546,山煤国际,3.38,3.4,20.0202,0.1608,4.725,4.5334,5.1571,0.8253,23.7773,41.6725,3.0985,-0.7547,60.0,7.8911,0.6613,0.5746,33.5892,453.6309,26.7336,73.2664,0.0396,0.0089,0.8049,0.0121,2.0059,1
600549,厦门钨业,3.88,4.89,17.9161,0.2171,4.4394,2.0503,0.8694,0.4921,78.1146,191.1497,4.8097,17.9976,327.7344,6.3713,0.9862,0.5231,11.5743,532.0755,37.0698,62.9302,-0.0227,-0.0051,-0.3142,-0.0081,-0.9981,1
600551,时代出版,1.56,4.76,11.8269,0.1505,3.1595,2.15,1.1682,0.3209,53.0313,20.9906,5.0314,3.1096,19.7258,5.0834,2.4423,1.8057,70.2648,-1935.6431,70.3645,29.6355,-0.2359,-0.0538,-4.9412,-0.1814,-19.0069,1
600552,凯盛科技,0.63,0.99,13.2871,0.021,2.1244,1.1168,0.778,0.3223,97.4776,63.1248,2.4094,14.691,83.4783,2.1166,1.2306,0.805,20.1407,229.13,33.9641,66.0359,0.0393,0.0077,2.1708,0.0117,1.4472,0
600556,天下秀,2.44,9.73,23.8162,0.0458,0.4709,0.5628,202.0731,0.2116,58.727,43.2258,230.8199,144.4525,66.6667,232.0784,5.6482,5.6425,307.2618,-828.6204,80.5708,19.4292,-0.1199,-0.0243,-1.2766,-0.1253,-14.396,1
600557,康缘药业,2.0,9.74,71.0833,0.1416,1.4535,0.8701,0.6641,0.3053,5.2737,5.1157,4.4007,-2.3463,0.0,4.334,1.8161,1.57,28.567,3125.2793,72.9445,27.0555,-0.0312,-0.0045,-0.3149,-0.0167,-1.7722,0
600559,老白干酒,1.59,7.44,67.7487,0.0625,0.8408,17.3954,0.1305,0.2077,-0.2579,-12.9992,4.992,13.6948,-14.2857,4.9522,1.1917,0.585,28.8484,3946.9981,51.1366,48.8634,0.4116,0.045,5.4297,0.0921,9.6936,1
600560,金自天正,1.69,9.76,25.4467,0.0622,0.6372,0.4467,0.1713,0.0856,23.4953,91.3809,4.3985,15.0321,100.0,4.426,1.5886,0.9543,8.9769,-28700.9898,44.8987,55.1013,0.4096,0.0308,4.0943,0.0558,5.6805,0
600563,法拉电子,5.4,28.49,43.9826,0.7352,2.5805,0.8323,0.8524,0.2025,67.9636,76.1447,12.0914,15.8562,77.9661,12.2495,4.5339,3.9092,120.5618,-3270.6603,81.6678,18.3322,0.0461,0.007,0.1591,0.0383,4.1792,1
600565,迪马股份,0.36,1.02,23.9217,0.0154,1.507,4.4907,0.059,0.053,130.6785,286.2716,23.4395,15.2724,100.0,18.279,1.3816,0.4287,12.4859,4712.3698,20.9238,79.0762,-0.5454,-0.0246,-5.3298,-0.0311,-3.8916,0
600566,济川药业,5.35,22.91,83.2308,0.4943,2.1573,0.9967,1.1431,0.2784,-4.5545,-5.4024,24.8696,18.211,-13.3333,24.8696,3.3708,3.2378,171.1564,-2232.1948,73.687,26.313,0.3801,0.0654,1.6589,0.2487,34.1502,0
600567,山鹰国际,2.95,6.93,14.9076,0.1026,1.4793,1.9005,1.9984,0.4575,78.02,112.4926,20.8,12.1665,103.8462,12.7931,0.7508,0.5864,18.8175,602.5397,36.7371,63.2629,-0.0479,-0.0068,-0.6717,-0.0107,-1.5678,0
600572,康恩贝,0.94,3.0,67.3986,0.0179,0.5964,1.508,0.5433,0.3968,-5.2177,-61.8513,5.9352,-12.41,-71.831,5.1578,1.3336,1.0079,33.5885,675.2082,60.9052,39.0948,0.1012,0.018,2.1031,0.0462,5.5298,1
600575,淮河能源,1.79,3.96,7.4978,0.0455,1.1495,3.8497,4.2778,0.9311,122.8618,1459.231,2.735,6.0378,150.0,2.2211,1.0789,0.8334,34.8252,490.1364,61.6212,38.3788,0.0385,0.0095,0.8812,0.0247,3.7984,0
600576,祥源文化,0.54,14.25,82.5393,0.0089,0.0631,0.1341,0.2359,0.0477,-31.8001,-6.2863,3.862,-5.1595,0.0,2.3967,6.1674,5.9393,195.9496,-267.3303,87.0572,12.9428,-0.7682,-0.026,-9.0503,-0.2005,-22.624,0
600577,精达股份,2.88,2.88,8.3744,0.0591,2.0494,1.564,2.6979,0.5248,54.2094,73.5716,5.116,48.1107,73.5294,8.5588,1.7872,1.4552,34.8184,557.9408,45.9491,54.0509,-0.0624,-0.0256,-1.8002,-0.0473,-5.5949,1
600578,京能电力,0.26,1.18,7.8735,0.0099,0.8391,1.7567,5.7605,0.6139,12.0739,-86.9755,5.5396,3.6329,-85.7143,6.1465,0.4817,0.4346,19.6139,125.4156,38.824,61.176,0.2346,0.0163,17.6279,0.0267,7.0009,0
600580,卧龙电驱,1.7,4.4,24.4101,0.1005,2.2829,0.8662,0.8029,0.2767,6.8455,44.8353,10.6417,5.1836,40.5028,9.3865,1.2486,0.9137,24.8006,310.5882,39.6962,60.3038,0.0818,0.0117,1.7249,0.0194,2.8207,1
600582,天地科技,1.36,4.85,30.6918,0.0603,1.2431,0.5704,0.7609,0.1861,44.4459,258.7081,5.6923,3.8887,252.9412,6.3627,2.2181,1.8374,50.0439,-1966.4188,60.4995,39.5005,-0.0978,-0.0133,-1.3633,-0.0336,-4.0573,1
600584,长电科技,2.79,5.75,16.0297,0.2409,4.1876,1.8381,2.0143,0.7537,17.5934,188.2615,7.2832,-2.3504,200.0,7.2965,0.6361,0.435,14.5135,560.2581,43.2181,56.7819,0.1794,0.0376,3.1155,0.0662,9.1388,0
600585,海螺水泥,3.46,16.86,26.8508,1.0961,6.4991,30.97,3.6425,0.3016,48.407,20.1968,17.9539,13.0918,18.2236,17.7345,5.4517,5.1289,309.0114,-3139.494,85.5044,14.4956,0.1439,0.0244,0.8333,0.1682,23.4123,0
600586,金晶科技,7.49,24.16,30.233,0.2487,1.0291,3.8798,1.5532,0.3861,46.9266,1116.4051,15.4062,10.502,1095.6731,15.0702,0.7881,0.6541,34.1936,1104.1348,46.7611,53.2389,0.1894,0.027,0.7579,0.0507,5.4359,0
600587,新华医疗,3.23,5.81,24.7484,0.3601,6.1931,1.4682,0.7887,0.4286,45.5335,394.1078,6.0586,-1.3715,350.0,7.5684,0.9662,0.5644,19.9654,956.3027,43.7767,56.2233,0.1309,0.0289,2.1972,0.0514,5.3778,1
600590,泰豪科技,9.53,40.47,21.6394,0.4392,1.0852,0.2516,0.3775,0.0999,39.8773,2538.793,0.3772,-5.7666,3035.7143,-1.002,1.3278,1.0842,33.277,746.0572,34.7637,65.2363,0.0841,0.0063,0.2035,0.0096,1.1869,1
600594,益佰制药,2.06,8.6,78.8542,0.0896,1.0415,2.8183,0.3408,0.3562,19.9898,22.6521,-6.524,-4.7941,18.4211,-6.142,1.6435,1.2757,71.2307,675.4729,66.0766,33.9234,0.5005,0.0773,6.1495,0.2277,28.9044,1
600596,新安股份,4.1,7.36,16.7373,0.3399,4.6137,2.937,1.9524,0.5998,45.4442,1121.7919,19.1835,16.1519,2535.6589,18.9171,1.447,1.0695,26.4394,2976.1083,57.2327,42.7673,0.0198,0.0056,0.2654,0.0131,1.6063,1
600597,光明乳业,1.58,1.42,22.4825,0.081,5.7049,3.7262,1.8156,0.8118,36.0652,-43.0255,25.0235,13.1935,33.3333,12.686,0.9632,0.6003,23.6748,606.6528,43.781,56.219,-0.0261,-0.0091,-2.1217,-0.0162,-2.1306,0
600598,北大荒,5.11,58.91,69.4763,0.2111,0.3584,49.3487,0.4483,0.1287,3.0245,-0.7174,4.2669,5.3668,-0.4717,4.4085,1.5357,1.3859,82.38,-3080.5544,61.2746,38.7254,4.7443,0.2611,8.1316,0.6743,69.073,0
600600,青岛啤酒,4.7,11.44,45.1297,0.7491,6.5443,68.4049,1.7012,0.3534,41.8689,90.3499,11.1529,16.3853,89.9497,11.0954,1.6229,1.4676,77.3782,-1780.5916,52.3004,47.6996,0.2762,0.0574,2.3379,0.1203,15.4506,1
600603,广汇物流,2.23,21.89,42.0351,0.123,0.5623,0.8506,0.0629,0.0654,68.1185,14.3904,14.5321,2.478,8.3333,14.3625,1.3839,0.549,33.2515,4277.9722,42.2154,57.7846,-0.5164,-0.0212,-2.2999,-0.0366,-4.6722,0
600605,汇通能源,0.98,25.35,73.9314,0.0524,0.2068,3.4709,0.0077,0.0283,55.0202,-38.371,7.6623,98.2675,-37.3494,7.6925,2.0105,0.0675,3.7241,326.4182,50.8518,49.1482,-18.9307,-0.3752,-76.8546,-0.7635,-81.9864,0
600606,绿地控股,4.27,2.96,12.8723,0.3232,10.8965,1.3507,0.1629,0.1073,66.5849,7.0136,24.7343,25.5067,6.6667,16.3306,1.2313,0.5445,9.2464,546.5168,11.5911,88.4089,0.0895,0.0084,2.4648,0.0095,1.1737,0
600609,金杯汽车,6.85,3.33,16.2147,0.0316,0.9476,1.2159,3.3677,0.3439,22.9161,124.422,25.2083,20.0181,3100.0,43.1529,1.2159,1.1073,63.8317,1205.1342,25.8177,74.1823,-0.0196,-0.0051,-0.2612,-0.0068,-0.8324,0
600610,中毅达,20.18,6.79,15.1283,0.0212,0.3128,10.6377,1.6745,0.7215,39.2322,359.0414,127.9956,6.6552,360.8696,127.9956,0.8995,0.545,19.5569,338.7299,8.2339,91.7661,0.0139,0.0034,0.204,0.0037,0.9048,1
600612,老凤祥,7.52,3.77,7.6422,1.2396,32.8758,35.6807,1.5025,0.8734,18.6999,63.7844,15.777,12.9426,74.4687,16.6381,2.0011,1.1028,94.5721,1373.4865,46.7962,53.2038,0.1706,0.1344,3.6803,0.2525,28.4598,1
600618,氯碱化工,6.29,22.33,24.362,0.2988,1.3379,8.0183,8.2935,0.499,34.6267,292.0498,15.2111,13.9792,292.126,15.7812,2.7859,2.6619,200.6336,-4711.6555,81.2501,18.7499,0.0918,0.0205,0.4118,0.1095,12.2061,1
600619,海立股份,0.86,1.02,12.0656,0.0444,4.326,1.0828,1.3482,0.3473,60.1298,26.4185,10.7908,33.0366,0.0,0.0758,1.1672,0.8861,14.5516,331.5624,32.4844,67.5156,-0.191,-0.0389,-14.0708,-0.0576,-6.9729,1
600621,华鑫股份,1.12,231.29,37.7826,0.0743,0.0321,1.3492,39.2104,0.0013,4.7353,-1.4764,6.4717,6.1871,-22.2222,10.7482,1.5002,1.5001,47.2966,3791.5596,25.1442,74.8558,-11.0909,-0.0134,-4.7236,-0.0179,-2.1395,0
600624,复旦复华,0.39,1.76,48.3394,0.0063,0.3633,2.6114,0.1737,0.2056,18.3339,-58.1636,-7.4328,-1.2995,-65.7754,-7.9164,1.6567,0.65,39.7289,272.4886,55.9307,44.0693,0.0215,0.0025,0.9352,0.0057,0.7341,0
600626,申达股份,10.46,10.11,9.5514,0.3321,3.2841,2.057,3.0464,0.6223,-0.0506,154.2922,-21.5208,-0.3926,122.953,-20.834,1.1326,0.927,47.0658,967.2204,29.706,70.294,-0.0514,-0.0136,-0.5424,-0.0194,-3.3499,1
600629,华建集团,3.15,4.9,18.9822,0.1784,3.6383,0.7973,0.6278,0.223,34.0878,93.0125,-0.149,10.2465,61.8502,1.5702,1.1218,0.7689,24.2308,3439.9959,29.4819,70.5181,-0.3318,-0.0565,-6.2984,-0.0801,-8.3747,0
600633,浙数文化,1.92,21.65,76.2585,0.1262,0.5829,3.3867,16.8735,0.3125,-26.7633,-22.1109,0.2577,-5.0763,-13.3333,3.7004,1.5903,1.5851,50.5444,181361.2274,83.7925,16.2075,0.1227,0.0084,0.4952,0.0517,6.4741,0
600635,大众公用,0.25,1.18,16.2544,0.0073,0.6159,3.3442,4.2063,0.3282,26.6724,-31.9781,4.1427,7.6582,-79.4444,3.6366,0.6422,0.6006,46.179,219.2967,40.3209,59.6791,0.0417,0.0031,0.8301,0.0053,0.8382,0
600636,国新文化,0.13,8.7,68.8563,0.009,0.1045,1.045,0.1282,0.0352,-44.9961,-77.0171,-0.4516,-1.099,-76.9036,2.445,17.4415,15.863,890.4813,21.6912,97.3521,2.6479,-1.4398,-0.0215,-16.5465,-0.8108,-92.9464,0
600637,东方明珠,0.95,13.95,28.5296,0.0825,0.5919,0.974,0.418,0.0825,-34.759,-0.3138,0.9727,-0.3968,-1.3142,1.1498,3.1795,2.7229,101.8825,-921.7701,78.49,21.51,0.0613,0.0028,0.5098,0.013,1.6149,0
600638,新黄浦,0.71,16.37,43.1266,0.0453,0.2767,2.6299,0.0117,0.0103,-37.3658,-14.2758,5.0376,47.3682,9.1566,5.5682,1.5502,0.7896,40.1013,4221.8497,20.4367,79.5633,0.5032,0.0043,2.6073,0.0054,0.7668,0
600639,浦东金桥,1.19,31.12,52.8986,0.1134,0.3643,2.4529,0.0353,0.0315,-74.3773,-73.1623,3.9568,19.9852,-71.2693,4.1882,1.1469,0.6439,20.815,456.9541,37.1602,62.8398,-1.6392,-0.023,-5.6551,-0.0366,-6.044,0
600641,万业企业,2.86,47.59,56.2337,0.2062,0.4333,10.8311,0.2525,0.0874,30.8883,156.6466,8.5041,9.3219,112.4388,8.4662,8.4049,7.2288,434.9132,-3274.9505,89.5884,10.4116,-0.1103,-0.0059,-0.2288,-0.0571,-8.1487,1
600642,申能股份,2.8,14.87,16.9083,0.181,1.2171,1.2456,8.4886,0.3416,12.2787,79.0294,5.2118,21.4349,96.7391,5.6717,1.0176,0.9873,57.0314,678.0761,49.0998,50.9002,0.2585,0.019,1.5007,0.0373,8.4908,0
600643,爱建集团,2.73,59.97,26.6523,0.2016,0.3362,0.6541,65.0081,0.0406,56.2914,13.5075,8.2338,-1.9933,13.4831,8.235,1.4651,1.4644,112.2371,820.6505,44.559,55.441,-0.0352,-0.0007,-0.0586,-0.0013,-0.2058,0
600645,中源协和,1.26,12.42,68.7908,0.0973,0.7835,0.8012,0.5147,0.19,32.4363,677.89,6.5719,5.0652,900.0,6.7954,1.4675,1.2998,82.4779,-2397.5974,72.2062,27.7938,0.134,0.0096,1.0729,0.0345,3.71,1
600648,外高桥,2.93,15.33,38.055,0.2916,1.9011,4.1455,0.1079,0.1097,24.988,196.6956,5.6256,12.657,222.2222,5.9605,1.2361,0.4381,32.7775,460.139,30.5746,69.4254,-0.7728,-0.044,-4.9648,-0.0634,-10.8112,0
600649,城投控股,0.84,13.79,37.3423,0.0667,0.4837,0.73,0.0284,0.0231,2140.8133,294.6158,4.6973,63.7605,250.0,2.7273,2.1534,1.0217,51.1585,286.1266,32.7497,67.2503,-4.0899,-0.0762,-29.3499,-0.1133,-19.5937,0
600650,锦江在线,1.13,5.67,17.8356,0.0727,1.2823,4.8252,3.0434,0.3455,41.2078,-1.2511,1.7228,13.6924,0.6925,2.5014,2.5465,2.2997,149.6898,-4191.4632,74.5481,25.4519,-0.0319,-0.0043,-0.4223,-0.0168,-2.8688,0
600655,豫园股份,1.72,5.31,21.965,0.1487,2.7959,5.3643,0.1995,0.1605,5.3911,25.2339,11.7391,19.2687,77.381,6.6112,1.3284,0.4825,26.6095,320.1814,33.8448,66.1552,-0.0859,-0.0078,-1.5309,-0.0117,-1.7881,1
600657,信达地产,1.26,21.66,20.6772,0.1035,0.4782,1.4762,0.0205,0.016,-79.9299,-57.8358,4.2228,3.485,-41.1765,4.1065,1.8192,0.6392,50.5561,214.9036,24.4787,75.5213,0.2477,0.0034,1.2577,0.0045,0.7043,0
600660,福耀玻璃,3.79,14.98,40.597,0.3409,2.2745,1.5189,1.0363,0.2949,36.8174,85.9754,2.9965,-4.3582,88.8889,3.0088,1.622,1.3593,87.0523,989.4044,56.4171,43.5829,0.3081,0.044,2.0581,0.101,14.1627,1
600663,陆家嘴,4.17,29.99,68.0002,0.2192,0.7308,4.002,0.0308,0.0643,-29.0149,-21.4597,14.6573,11.9217,16.2248,12.1096,1.1234,0.4035,17.6128,704.6297,32.9082,67.0918,0.4697,0.0131,1.328,0.0195,3.2498,1
600667,太极实业,1.73,2.99,10.1843,0.0624,2.0846,1.0392,5.5518,0.3418,16.8682,15.1885,7.4806,1.1237,20.0,8.8367,1.1065,1.0441,30.1071,719.6835,38.5076,61.4924,-0.1701,-0.0347,-5.0177,-0.0564,-6.4185,0
600668,尖峰集团,1.96,11.36,29.4428,0.2581,2.2715,3.251,1.5971,0.5415,45.3896,-17.8645,14.8372,8.9022,-27.6017,15.6381,1.2866,0.9464,26.3182,3782.0168,78.4555,21.5445,0.0811,0.0104,0.6282,0.0481,6.2289,0
600674,川投能源,2.19,304.04,50.4431,0.1467,0.0482,0.6304,0.7476,0.0476,27.0657,21.9238,8.0197,11.6818,22.1667,6.5376,0.814,0.7862,12.2949,822.9986,72.6792,27.3208,0.144,0.0007,0.0468,0.0027,0.5688,0
600675,中华企业,0.43,8.57,28.504,0.0112,0.1317,6.3836,0.0284,0.0229,-39.3469,-44.2342,0.8583,-7.707,-50.0,3.0598,2.0896,0.859,73.9918,474.9589,36.2375,63.7625,-0.0133,-0.0002,-0.1036,-0.0004,-0.0653,0
600678,四川金顶,11.03,27.23,44.5761,0.0587,0.2156,53.66,13.4754,0.9024,89.2066,816.5042,49.7543,5.2095,831.746,50.0868,0.4267,0.4125,17.583,1100.8921,35.6712,64.3288,0.1891,0.0271,0.6898,0.0421,6.9636,0
600679,上海凤凰,1.1,3.93,13.6827,0.0456,1.1601,1.5494,2.1366,0.4231,151.0503,2498.6418,34.7734,67.6839,-22950.0,41.1021,1.4001,1.1941,49.3437,-1098.8617,63.3,36.7,-0.0743,-0.0131,-2.0397,-0.0356,-4.0996,0
600681,百川能源,5.23,12.05,19.5311,0.1395,1.1575,2.3468,4.4493,0.7965,10.8412,5.6667,-17.1283,-2.7755,7.1429,-17.4912,0.7798,0.6765,33.6126,2304.6975,47.6021,52.3979,-0.0393,-0.0079,-0.3209,-0.015,-2.2492,0
600682,南京新百,1.68,18.69,57.3005,0.205,1.0969,1.3199,1.3188,0.1483,3.0377,21.5675,3.94,5.6498,31.25,3.0293,1.5288,1.4588,106.9913,1950.5016,69.7125,30.2875,0.2026,0.0121,0.9608,0.0399,4.6169,1
600683,京投发展,1.63,6.25,27.8559,0.1422,2.2742,26.2176,0.0387,0.0457,69.8849,13.3594,95.3941,1.1897,-20.0,125.8746,2.3039,0.2851,20.2864,1002.1188,18.0345,81.9655,0.6122,0.0219,7.9927,0.0268,6.6937,0
600690,海尔智家,4.07,5.57,28.4872,0.3266,5.8592,3.0272,1.2681,0.4757,26.9631,130.4119,15.1749,9.0494,104.2945,54.16,1.0749,0.7754,41.0709,2241.158,37.1398,62.8602,0.0523,0.0139,0.9249,0.0222,2.6521,0
600693,东百集团,0.88,5.89,51.5038,0.0335,0.5698,14.2012,0.0856,0.1237,28.7329,222.3973,38.4242,39.771,60.6481,34.6004,1.0324,0.3224,19.4903,244.9416,28.6588,71.3412,0.0929,0.0035,1.0279,0.0048,1.1537,0
600694,大商股份,3.22,11.75,42.1271,0.986,8.386,11.7272,0.3616,0.2172,19.1151,422.064,-0.4862,19.0303,421.0526,-0.6353,1.5984,1.0477,55.4596,842.8952,42.7028,57.2972,0.2344,0.0266,1.8383,0.0463,8.137,0
600696,岩石股份,2.22,10.9,51.1145,0.0284,0.2612,3.5864,0.378,0.1952,617.4483,434.4285,97.7017,136.9585,200.0,65.9865,1.3297,0.89,33.2995,563.3347,54.3819,45.6181,2.1339,0.1854,17.733,0.4065,42.075,1
600697,欧亚集团,0.36,0.58,40.5096,0.0748,12.7073,43.8843,0.3763,0.3935,-40.132,119885.5985,0.7146,-1.1941,-150.0,-1.0115,0.3569,0.1232,5.9464,196.5053,23.7573,76.2427,-0.0141,-0.0013,-0.5164,-0.0016,-0.1957,0
600698,湖南天雁,0.48,2.24,18.5896,0.0035,0.1595,0.6029,0.9516,0.1635,74.3137,72.1291,2.4433,-0.1614,71.4286,2.4433,2.3076,1.9788,78.0884,-133.2069,63.2508,36.7492,-0.2081,-0.0285,-9.261,-0.0776,-7.923,1
600699,均胜电子,1.44,1.8,15.4361,0.1618,8.9812,1.7378,1.6022,0.4824,0.5714,312.2229,15.8713,-1.4247,220.0,22.5643,1.2935,0.9467,39.6667,397.1509,35.4523,64.5477,0.0282,0.0063,1.2014,0.0097,1.8119,0
600702,舍得酒业,7.77,29.36,77.6017,0.898,3.0578,5.3056,0.0896,0.2065,154.21,889.3247,24.7865,16.1741,1033.0836,26.4132,2.0648,1.0015,76.1491,-7765.8887,62.0074,37.9926,0.3789,0.059,1.2606,0.1553,16.0151,1
600703,三安光电,1.83,20.48,22.8259,0.1242,0.6066,1.0892,0.4942,0.1675,61.5957,42.1414,36.7545,34.6322,20.0,36.7545,2.885,2.1176,112.7505,2779.4254,74.2455,25.7545,0.2358,0.0157,1.1511,0.061,11.3679,1
600704,物产中大,3.32,0.87,3.1752,0.1827,20.8007,9.8545,3.201,1.2055,51.9664,63.2574,12.0281,24.4962,53.8995,7.8189,1.0844,0.663,20.1417,451.8225,24.7986,75.2014,-0.133,-0.0992,-10.6676,-0.1319,-14.6302,1
600705,中航产融,1.69,30.08,52.0782,0.0744,0.2474,7.665,123.8798,0.0104,0.0347,0.9015,27.8219,6.6328,-11.1111,27.519,1.012,1.0119,69.187,467.1798,17.25,82.75,-12.8166,-0.0774,-24.9073,-0.0935,-14.3521,0
600710,苏美达,3.82,0.61,4.4181,0.1557,25.2521,4.1771,3.4045,0.9124,105.8234,214.5369,13.7924,10.3557,166.6667,8.8825,1.0539,0.7717,14.8866,593.7355,21.3749,78.6251,-0.1529,-0.0969,-9.615,-0.1233,-13.5196,1
600713,南京医药,2.35,0.91,5.9048,0.0978,10.6419,1.1461,2.3931,0.4989,26.1205,33.1248,6.3833,5.8715,34.2466,4.8589,1.2488,0.9992,9.529,271.8727,19.1702,80.8298,-0.1535,-0.0662,-14.6506,-0.0819,-9.1317,1
600717,天津港,1.15,6.17,21.3205,0.0817,1.3233,1.9068,11.6834,0.4191,17.9045,45.1016,3.1637,3.2394,33.3333,3.7248,1.1061,1.0806,60.5402,565.4046,62.9829,37.0171,0.0613,0.0054,0.6844,0.0145,2.8875,0
600720,祁连山,0.59,6.01,25.3498,0.0603,1.002,1.9869,1.1724,0.2974,35.0556,427.4629,15.0007,5.0061,272.2222,15.3392,1.3897,1.1452,61.3264,-5357.38,74.9579,25.0421,0.3102,0.0209,4.9349,0.0836,11.6935,0
600722,金牛化工,0.78,6.27,12.8673,0.0117,0.1873,5.3665,36.8761,0.121,5.7899,92.6737,1.5199,5.0969,95.0,1.0165,7.3129,7.2904,619.343,-221.9622,88.5904,11.4096,0.1562,0.0155,1.4273,0.1356,13.5673,0
600724,宁波富达,2.7,19.53,36.1536,0.0568,0.2911,5.1179,1.7489,0.1909,6.2247,81.6652,3.2851,-0.5481,149.5614,2.7315,3.7905,3.5269,105.0881,-3408.6687,85.7842,14.2158,0.1993,0.0201,0.9647,0.1415,14.3202,0
600725,云维股份,1.16,0.91,1.9862,0.003,0.3333,3.7544,6.9596,0.9816,74.0065,-45.3931,4.1948,0.0398,-46.4286,4.1948,5.1516,4.2363,48.125,-4615.8603,79.361,20.639,-0.2866,-0.2912,-31.3974,-1.4107,-150.2617,0
600727,鲁北化工,3.81,11.48,22.7343,0.2015,1.7548,6.6604,1.7407,0.3983,213.6591,244.3153,85.4898,126.4033,150.0,92.5816,1.5807,1.3366,77.1392,-4678.0527,62.7113,37.2887,0.1118,0.0216,0.8308,0.058,6.9235,1
600729,重庆百货,6.51,6.59,24.3767,1.0557,16.0157,29.4855,1.7517,0.67,-14.2016,156.4576,1.3927,27.7727,148.8372,1.876,1.1141,0.7782,51.4922,1694.8303,34.754,65.246,0.0679,0.0229,1.0077,0.0351,5.3149,1
600730,中国高科,0.18,12.56,94.1794,0.006,0.048,16.8546,0.0913,0.0209,16.0578,-55.3419,1.2403,2.9395,-62.5,0.6988,17.1143,16.8866,605.2152,-708.6927,86.0945,13.9055,0.9244,0.0113,4.4165,0.0814,32.9979,0
600731,湖南海利,3.82,12.79,26.4505,0.1642,1.2838,2.6693,1.3058,0.2653,3.6765,-14.2605,21.8202,23.9014,-5.8911,23.5156,2.4623,2.0652,111.1554,4584.7517,51.7789,48.2211,-0.0504,-0.0073,-0.4048,-0.0151,-3.146,0
600732,爱旭股份,1.84,3.34,9.7125,0.0494,1.4768,42.9893,2.6205,0.7135,64.0857,25.7369,124.2862,76.595,25.0,152.4832,0.7916,0.5447,23.4284,292.5172,39.5151,60.4849,-0.2898,-0.058,-8.6605,-0.096,-13.3093,0
600735,新华锦,1.16,3.37,18.7528,0.0293,0.8708,3.7647,0.8526,0.379,10.0147,-11.4547,1.1909,5.1777,2.7972,-2.1667,3.0673,1.957,95.7093,1588.2524,76.2105,23.7895,-0.0084,-0.002,-0.1604,-0.0084,-0.9743,1
600736,苏州高新,0.73,8.37,14.1993,0.0606,0.725,1.3383,0.026,0.0183,-1.1889,82.3981,2.9454,20.0604,-200.0,3.6631,1.7557,0.6781,16.9973,175.7042,25.5699,74.4301,-0.4496,-0.0062,-11.3906,-0.0083,-1.365,0
600737,中粮糖业,2.13,4.75,12.8235,0.094,1.9761,5.3334,0.5151,0.3491,50.6992,59.429,18.8979,-14.4594,51.3688,19.0067,1.5661,0.6615,19.4169,647.7547,49.4909,50.5091,-0.4702,-0.1028,-8.9659,-0.2035,-23.9723,0
600738,丽尚国潮,2.54,26.19,70.7818,0.0568,0.2171,217.6699,0.2984,0.2164,-36.6326,34.2911,6.0027,-7.1229,35.7143,6.0027,0.6761,0.5308,51.2119,1063.2902,51.7415,48.2585,0.2328,0.0117,0.8885,0.0242,3.4582,1
600739,辽宁成大,2.17,13.44,15.2138,0.3491,2.5961,2.6242,2.4279,0.5359,20.0612,471.5658,10.9615,3.0507,275.4839,12.8841,0.7206,0.5897,22.0309,587.3323,62.7422,37.2578,-0.0447,-0.0044,-0.2604,-0.0117,-1.589,0
600740,山西焦化,3.88,19.26,12.4938,0.229,1.189,24.8168,5.3637,0.5108,76.8343,349.1571,11.1835,-2.1748,246.5961,12.6441,0.5299,0.4795,43.9441,858.4211,58.9659,41.0341,0.063,0.0072,0.3269,0.0176,1.9591,0
600741,华域汽车,2.4,3.7,14.8951,0.4098,11.0628,1.4245,1.6184,0.3691,45.4868,1181.3283,2.2734,17.5492,853.4884,9.6779,1.1201,0.9096,47.6473,-5545.4915,38.3919,61.6081,0.1129,0.0254,2.4028,0.0412,4.6389,0
600745,闻泰科技,2.18,5.43,15.5529,0.5234,9.6309,1.877,1.6732,0.506,5.7482,-6.2389,36.154,-1.0857,-7.0175,37.7617,1.1253,0.8263,23.7433,-2239.7676,50.9348,49.0652,-0.0329,-0.0067,-0.6057,-0.0137,-1.9777,0
600746,江苏索普,12.18,32.49,43.2368,0.5204,1.6017,32.85,2.8289,1.0783,100.3954,1034.3751,80.0708,41.9517,979.668,80.0708,4.1677,3.505,230.3299,106340.5265,88.209,11.791,0.2542,0.0841,0.7825,0.7131,77.2343,1
600748,上实发展,1.41,10.98,35.11,0.0947,0.8622,2.6798,0.0431,0.0432,-0.0154,-15.6081,3.9942,9.7702,0.0,5.0074,1.9632,0.7075,26.933,4012.7664,31.2653,68.7347,-1.8641,-0.0673,-17.4726,-0.098,-15.5175,0
600750,江中药业,3.94,23.52,65.3646,0.2529,1.0753,3.6361,0.9913,0.2023,28.974,20.7482,8.7421,7.816,0.0,9.3219,5.9539,5.5596,151.9526,-2785.3755,87.2514,12.7486,0.0936,0.0125,0.3911,0.0983,11.0287,1
600751,海航科技,9.73,0.47,7.6778,0.1392,29.3504,1.6017,2.6003,0.8693,10.4355,196.1627,-60.3674,-3.1884,170.2913,-69.0933,0.9886,0.6656,8.2528,189.5124,5.9755,94.0245,-0.0738,-0.052,-10.1136,-0.0553,-6.4714,1
600757,长江传媒,3.19,18.66,38.0645,0.2144,1.1487,1.6016,0.8092,0.1601,56.568,121.6011,8.1548,4.0744,110.0,9.8948,2.8884,2.502,77.3377,-1651.5283,71.5289,28.4711,-0.1722,-0.021,-0.9327,-0.0736,-7.7516,1
600760,中航沈飞,3.28,5.96,9.9452,0.2464,4.1342,1.1346,0.728,0.2326,1.5608,-42.3567,10.4206,13.2886,-41.8605,10.5697,1.354,0.9731,62.3084,-1663.9073,37.8653,62.1347,-0.3083,-0.0604,-5.177,-0.0972,-10.3886,1
600761,安徽合力,3.17,5.14,16.2744,0.2413,4.6913,3.0641,1.7693,0.487,84.4709,126.1127,13.592,23.4029,141.1588,11.3875,2.3139,1.7421,77.1863,-1422.6251,60.518,39.482,-0.0426,-0.0147,-0.7198,-0.0372,-4.7019,0
600765,中航重机,1.12,4.23,24.4139,0.0804,1.8999,0.6597,0.4344,0.1529,34.329,72.0099,10.1183,9.8469,100.0,9.9339,1.8263,1.3399,46.3121,594.8069,44.6946,55.3054,0.0897,0.0099,1.5458,0.018,2.4723,1
600769,祥龙电业,3.84,21.78,28.0585,0.0064,0.0295,1.0099,15.7422,0.172,77.4461,283.2002,11.7141,16.0861,220.0,11.7141,0.7088,0.7034,26.0125,-5311.3636,40.2956,59.7044,0.2614,0.0186,1.1998,0.0311,3.216,0
600770,综艺股份,0.94,31.51,26.2675,0.0269,0.0856,0.6947,1.2375,0.0478,41.3337,-59.4233,2.5622,2.3246,0.0,2.6005,3.7381,3.6465,148.7219,1681.5032,83.3852,16.6148,-0.0831,-0.0015,-0.778,-0.0092,-1.5112,0
600771,广誉远,0.21,2.72,69.4207,0.0105,0.3862,0.1225,0.1622,0.0699,-15.5077,-82.1488,0.2343,-2.7432,-83.3333,1.3752,2.4405,2.112,18.4925,194.2252,68.5772,31.4228,-0.1662,-0.0088,-6.5804,-0.0279,-2.9334,1
600773,西藏城投,0.71,5.31,33.8801,0.0313,0.5901,7.9926,0.0312,0.0392,37.4835,1.5242,2.8861,10.4853,10.7143,3.0757,2.378,0.4231,27.4072,277.6584,24.6223,75.3777,-0.7131,-0.0236,-14.6511,-0.0313,-6.6143,1
600776,东方通信,0.13,0.71,9.5255,0.0034,0.483,0.5743,0.6611,0.1952,32.9878,35.8757,1.7866,0.786,12.1856,1.7606,4.8313,3.5004,131.994,-119.3706,83.655,16.345,-0.2129,-0.0334,-30.1356,-0.2044,-20.601,0
600777,新潮能源,2.02,20.88,53.1032,0.0372,0.1782,1.1946,3.8959,0.5251,-23.2731,-66.2031,-28.2848,-13.0858,-66.2125,-28.2848,1.0176,0.9602,30.0927,335.6808,47.7941,52.2059,0.4336,0.0201,2.0765,0.0385,20.5129,0
600780,通宝能源,2.02,5.49,10.4882,0.102,1.8548,11.1799,18.1053,0.9915,22.8048,48.6771,4.9903,0.1394,48.4716,5.0154,1.2851,1.228,91.7697,1718.3069,68.4701,31.5299,0.1478,0.0375,2.7001,0.119,18.2978,0
600782,新钢股份,3.96,3.83,5.4364,0.3044,7.9357,11.2955,3.6354,0.8906,70.8218,92.4166,10.2147,14.0555,87.5,10.0858,1.0264,0.772,12.7902,4451.2967,46.7611,53.2389,0.0723,0.034,1.833,0.0639,6.5613,0
600785,新华百货,2.53,3.01,30.0513,0.2239,7.4227,10.4923,1.7354,0.7642,-20.9762,-8.3255,-19.9399,37.6875,-8.3333,-17.8046,0.5613,0.3849,23.602,202.7985,21.3526,78.6474,0.2529,0.0492,9.703,0.0626,11.1935,0
600787,中储股份,0.43,0.39,2.9461,0.0235,5.9896,9.2257,5.8885,1.2809,78.0297,429.1929,4.8944,-0.0665,40.5882,4.9979,1.1779,0.8685,14.9825,272.1254,51.9588,48.0412,-0.1162,-0.065,-27.7062,-0.1353,-15.8634,0
600789,鲁抗医药,1.46,3.68,26.8083,0.0544,1.4782,2.3665,0.9799,0.5011,35.5365,561.9346,7.3341,2.9382,400.0,7.8728,0.8292,0.4974,18.4507,388.2563,45.2272,54.7728,-0.0162,-0.0028,-0.4239,-0.0051,-0.6491,1
600792,云煤能源,1.48,3.76,10.9433,0.0519,1.3789,1.7654,2.8311,0.5423,28.0767,1735.7955,3.2355,-3.6511,2500.0,3.2028,1.579,1.2709,24.9259,399.1191,64.9577,35.0423,-0.0202,-0.0051,-0.5242,-0.0144,-1.6692,0
600794,保税科技,2.19,7.04,11.9936,0.0401,0.5691,12.9483,2.6746,0.379,268.9128,57.2837,8.4699,2.2728,55.642,11.7516,3.6728,3.3965,205.1537,1922.0379,72.9923,27.0077,0.3386,0.0671,4.2514,0.2486,46.5748,0
600795,国电电力,3.08,5.5,18.8261,0.0858,1.5602,1.9339,7.5764,0.7919,21.4484,820.2067,1.8594,-5.0148,-330.7692,2.8944,0.4447,0.4072,11.3208,314.1621,35.1273,64.8727,0.2174,0.0194,2.0496,0.0298,7.1905,1
600801,华新水泥,3.01,11.86,32.6919,0.3502,2.9521,6.8728,1.6827,0.418,60.7964,111.6795,12.669,21.9769,105.8824,13.1232,1.3069,1.0719,74.3243,3060.1498,59.9556,40.0444,0.0465,0.0065,0.3579,0.0162,2.5996,0
600802,福建水泥,2.29,6.59,16.0972,0.0889,1.3491,594.9675,2.9707,0.8654,43.1541,-60.9469,25.5597,18.6111,-54.3147,29.0833,0.2653,0.1945,10.6871,389.225,40.58,59.42,0.0433,0.0058,0.8317,0.0098,1.1074,0
600803,新奥股份,5.18,2.33,15.2206,0.2117,9.0829,5.95,10.94,0.8559,1525.7811,3299.348,291.4368,348.1128,340.0,23.1915,0.6578,0.613,20.615,1565.1924,36.5824,63.4176,0.0188,0.0044,0.2645,0.007,1.0836,0
600804,鹏博士,2.88,2.27,33.3735,0.0186,0.8177,2.2793,53.7038,0.349,-12.3103,-68.8776,21.3114,-21.0084,-50.0,21.0005,0.5198,0.5177,17.0881,124.2051,7.9509,92.0491,0.2582,0.024,12.1095,0.0261,4.2006,0
600808,马钢股份,5.05,6.32,12.2731,0.1961,3.1017,19.9238,1.6832,0.6002,47.3827,276.6165,9.5065,4.3356,300.4082,9.4508,0.8861,0.5912,12.3835,865.012,39.5624,60.4376,0.0919,0.0254,1.337,0.042,4.6222,1
600809,山西汾酒,18.23,29.76,73.5354,2.5037,8.4128,3260.0039,0.3176,0.4335,77.1098,76.8994,38.2487,46.9787,76.7409,37.8926,1.8693,1.2606,51.96,-28509.2631,55.7613,44.2387,0.0336,0.0112,0.1128,0.0253,2.5564,1
600810,神马股份,5.81,11.53,23.1854,0.3758,3.2594,2.4026,2.537,0.2526,9.128,1135.0778,48.5616,52.8399,900.0,74.9451,1.143,1.0666,69.9715,476.4815,29.7014,70.2986,0.0896,0.012,0.7257,0.0171,2.4089,0
600811,东方集团,0.86,6.01,4.1383,0.0498,0.8291,12.6006,0.3399,0.1371,13.107,-14.6879,-0.1275,-3.9668,-18.5185,0.0048,1.286,0.79,32.5046,176.845,47.1056,52.8944,0.0702,0.0047,1.1107,0.0089,1.2598,0
600814,杭州解百,4.72,22.78,79.9569,0.1917,0.8417,17.1846,2.6303,0.138,-44.237,1100.1573,11.3215,36.014,-271528.5714,12.9375,1.9587,1.9381,142.7308,-2984.2344,54.3689,45.6311,-0.0414,-0.0034,-0.1096,-0.0074,-1.1261,1
600815,厦工股份,1.02,3.05,11.5637,0.008,0.263,0.6314,0.5162,0.1792,92.9411,44.0149,3.7516,-9.8878,19.0476,3.0428,2.4729,1.7545,44.7862,-1098.8097,46.0506,53.9494,-0.1477,-0.0205,-3.0953,-0.038,-6.6851,0
600817,宇通重工,5.05,10.82,29.3506,0.1795,1.6586,1.8481,2.1755,0.2774,4257.7219,8951.9891,1316.5698,1946.1568,4074.4186,1680.2796,1.6289,1.4879,76.5864,-2045.2047,46.9602,53.0398,-0.2654,-0.0538,-2.0218,-0.1015,-12.0204,0
600820,隧道股份,1.4,3.55,12.3587,0.1045,2.9411,0.6161,13.1968,0.1677,51.1635,25.1316,7.4775,24.6732,25.0,5.962,0.9409,0.9303,22.4102,209.2069,22.9508,77.0492,-0.738,-0.0617,-20.8242,-0.08,-11.6405,0
600823,世茂股份,0.89,6.4,38.7136,0.0629,0.9829,0.973,0.0359,0.0411,31.371,6.0898,4.625,15.4481,0.0,2.9662,1.2247,0.3657,19.3479,1099.3368,33.5161,66.4839,-0.329,-0.0081,-2.3465,-0.0121,-1.6464,0
600824,益民集团,1.52,13.25,40.6673,0.0385,0.2908,3.5516,0.4418,0.1992,23.7487,1424.3564,7.5364,10.9564,1850.0,7.5568,2.5608,1.8006,69.3915,1162.9018,76.4698,23.5302,-0.3776,-0.0327,-2.842,-0.1391,-18.8481,1
600827,百联股份,1.54,2.63,25.5826,0.1528,5.7945,15.3521,2.464,0.4829,5.1109,1217.0379,-1.2078,4.1918,1400.0,-0.0071,0.9341,0.8018,71.7758,2765.758,36.2284,63.7716,0.09,0.0162,2.3048,0.0255,4.0888,1
600828,茂业商业,3.12,17.51,60.0525,0.1223,0.6988,23.6779,0.4547,0.4644,58.8916,199.7563,-6.3117,14.7231,178.1818,0.2035,0.4053,0.2361,8.9826,355.4239,34.3297,65.6703,0.1886,0.0107,1.0362,0.0163,3.6256,0
600829,人民同泰,1.96,1.85,9.6245,0.069,3.7285,0.6063,1.9024,0.3965,15.3457,-17.4813,7.2075,7.0134,-17.1669,7.2265,1.4604,1.2071,10.1989,474.5846,34.3581,65.6419,-0.1242,-0.0454,-6.7399,-0.0692,-7.3046,0
600830,香溢融通,0.93,58.98,86.2076,0.0431,0.0732,1.8146,6.0562,0.0329,61.2388,164.3592,-0.4062,11.4937,258.3333,-0.8799,4.6105,4.606,333.5309,-2830.4951,82.351,17.649,-8.3741,-0.0846,-9.526,-0.4795,-136.197,1
600833,第一医药,1.35,3.04,17.5052,0.045,1.4811,2.6353,1.302,0.4258,-34.1899,-46.0664,0.1378,-15.7882,-45.988,0.1391,1.7674,1.2336,87.3592,-117.8187,59.9854,40.0146,0.0498,0.0132,1.6377,0.033,4.327,0
600834,申通地铁,0.95,20.25,23.8764,0.031,0.1531,13.9236,4.1652,0.2193,2.4347,-35.3401,3.252,2.3278,-30.3749,3.065,0.523,0.5007,40.0116,1600.9085,54.4033,45.5967,-0.1954,-0.005,-0.9542,-0.0109,-2.1712,1
600835,上海机电,2.06,5.41,16.9911,0.2464,4.5527,1.5107,0.4024,0.1561,51.6741,156.5624,6.877,7.8702,177.7778,6.188,1.3999,0.9348,48.2842,-944.0009,40.426,59.574,-0.3119,-0.0397,-3.779,-0.0667,-6.7819,0
600836,上海易连,0.69,2.78,23.3467,0.0106,0.3838,1.201,1.5904,0.2199,-81.7258,-97.0698,1.8119,0.3966,-96.8481,1.4958,1.274,1.1447,37.8677,237.5777,50.0044,49.9956,-0.2032,-0.0241,-6.8387,-0.0482,-5.3861,1
600838,上海九百,1.32,61.91,25.6294,0.0441,0.0713,1.809,1.249,0.1176,39.5675,102.0048,2.3341,4.4733,101.8265,2.3341,4.3695,4.049,360.3405,-3989.9808,90.9899,9.0101,-0.2245,-0.0044,-0.3626,-0.0484,-11.6779,0
600841,上柴股份,1.55,3.29,14.7654,0.0725,2.205,2.0565,2.0592,0.259,98.1358,247.4138,6.4086,29.8967,231.8182,5.7336,1.3997,1.2513,51.0097,-346.8425,41.9333,58.0667,-0.1295,-0.0255,-3.8618,-0.044,-4.5614,0
600843,上工申贝,2.1,6.74,27.8575,0.0905,1.3432,1.3417,0.598,0.267,16.9544,5022.9352,3.5846,7.929,1889.1304,2.7806,1.6942,1.1091,44.3918,6425.0022,56.1404,43.8596,-0.0898,-0.0139,-1.2118,-0.0318,-4.2315,0
600845,宝信软件,5.11,21.27,36.6386,0.3428,1.6116,1.2426,0.4013,0.1716,43.4719,44.123,17.4264,12.7986,44.2149,17.3703,1.7612,1.2842,66.0975,-25174.5135,55.0708,44.9292,0.2303,0.0296,1.0642,0.0659,6.9026,1
600846,同济科技,2.17,7.63,14.1736,0.1082,1.4176,1.6858,0.1555,0.0948,-2.0278,-36.5001,-8.0816,-19.0713,-8.3333,8.3677,1.319,0.601,39.5775,-2055.5006,33.2376,66.7624,-0.365,-0.0317,-4.2541,-0.0474,-4.8573,0
600848,上海临港,2.59,30.72,54.366,0.1838,0.5983,5.5209,0.0311,0.0525,3.427,65.6082,9.0503,24.0976,80.0,7.6141,1.5724,0.4311,35.5031,573.878,39.1433,60.8567,-0.5575,-0.0152,-1.5742,-0.025,-4.2882,1
600850,电科数字,2.46,4.39,17.3108,0.1616,3.6798,1.7198,0.3993,0.1917,18.4753,22.6371,6.2328,31.3598,7.9439,6.4202,1.5089,0.852,31.919,-1065.778,34.2649,65.7351,-0.4573,-0.0829,-10.7479,-0.1261,-13.2189,0
600851,海欣股份,0.59,9.31,63.458,0.0196,0.2105,1.8343,0.786,0.3093,37.5339,140.7129,6.0209,7.1513,79.8165,6.4249,1.568,1.3273,65.2993,3274.8348,78.3896,21.6104,0.2967,0.0142,3.2207,0.0658,14.6234,1
600862,中航高科,5.13,23.93,35.3231,0.1702,0.711,0.8222,0.4429,0.2108,28.5499,27.7804,6.5523,5.3709,27.8195,5.8146,2.2491,1.6048,64.7711,-9661.1692,65.3607,34.6393,-0.2339,-0.0325,-0.9767,-0.0939,-10.4119,1
600863,内蒙华电,0.93,3.77,9.4015,0.0243,0.644,1.4179,9.0121,0.9322,12.0776,-81.3829,4.559,-4.4397,0.0,6.3734,0.4428,0.4016,5.7748,146.7167,43.4347,56.5653,0.1363,0.012,26.4799,0.0213,5.5292,0
600866,星湖科技,2.03,11.38,29.4417,0.0468,0.4114,2.2941,0.9139,0.4153,6.008,7.3839,9.732,13.4525,7.3394,9.732,1.4224,0.9912,44.2157,3179.667,69.1378,30.8622,0.0464,0.0057,0.408,0.0186,2.7216,0
600867,通化东宝,5.82,40.91,83.1725,0.1655,0.4045,1.6059,0.2676,0.3989,14.519,21.5114,10.8987,5.0542,21.4286,10.964,7.1377,5.5263,193.1609,-18671.9277,94.3905,5.6095,0.4512,0.0606,1.1028,1.0795,120.2925,0
600872,中炬高新,3.65,13.85,38.9441,0.2196,1.5855,38.6542,0.452,0.2863,9.5142,-16.375,15.8679,21.4682,-15.141,15.2951,2.3569,1.4939,21.0352,5372.7331,70.9175,29.0825,0.184,0.0318,1.2437,0.1094,11.5927,0
600873,梅花生物,4.29,7.69,16.4671,0.1317,1.7123,14.7103,1.7479,0.9081,33.558,66.9402,3.5483,2.7401,62.5,3.6759,1.2838,0.6876,19.5528,1276.8822,50.5555,49.4445,-0.0657,-0.0181,-0.8406,-0.0366,-7.2945,1
600874,创业环保,2.45,18.94,34.6325,0.1161,0.6132,0.4107,30.7327,0.2011,22.1991,29.2208,6.402,12.1629,27.4725,7.1911,1.3929,1.3873,68.8009,376.4767,37.5425,62.4575,0.0474,0.002,0.2375,0.0032,1.1759,0
600875,东方电气,2.0,5.95,18.4205,0.2028,3.4048,1.3544,0.5531,0.1503,34.1751,61.8597,6.6727,9.3749,59.8425,5.688,1.3103,1.0188,45.3848,-1607.2162,35.6163,64.3837,-0.3497,-0.0385,-5.4259,-0.0598,-6.8863,0
600876,洛阳玻璃,7.96,17.71,42.1663,0.2565,1.448,1.4456,1.3422,0.3814,96.7697,1109.8485,36.7901,8.6029,4480.3571,35.7063,0.6839,0.5513,19.6091,810.5909,33.1914,66.8086,0.047,0.0063,0.2385,0.0095,1.1591,0
600877,声光电科,0.55,3.99,37.0876,0.0027,0.069,0.4454,0.2315,0.0978,38.8369,-46.0059,24.6471,29.0055,-65.8537,23.9185,2.6997,1.8841,55.2589,-2664.6656,65.9804,34.0196,-1.215,-0.1067,-18.073,-0.3136,-33.0555,1
600879,航天电子,1.0,4.43,22.3281,0.0471,1.0622,0.4374,0.1918,0.1153,36.3478,228.8525,3.9353,8.6591,261.5385,3.1503,1.4792,0.7635,6.7491,449.519,44.6055,55.3945,-0.213,-0.0202,-4.474,-0.0365,-3.6886,0
600880,博瑞传播,0.52,12.58,38.4897,0.0142,0.1128,0.6566,5.2379,0.1099,44.529,51.1721,3.4867,9.0531,0.0,2.4255,3.2787,3.2157,233.1381,-1089.7909,87.5705,12.4295,-0.1897,-0.0067,-1.4059,-0.0538,-7.043,0
600882,妙可蓝多,2.07,3.36,38.6758,0.0771,2.2896,9.781,2.0015,0.8026,140.5803,297.6877,9.3118,16.5972,212.5,9.3553,1.2682,0.936,55.9018,1747.6729,55.0875,44.9125,0.0033,0.0009,0.0788,0.0021,0.3383,1
600882,妙可蓝多,2.07,3.36,38.6758,0.0771,2.2896,9.781,2.0015,0.8026,140.5803,297.6877,9.3118,16.5972,212.5,9.3553,1.2682,0.936,55.9018,1747.6729,55.0875,44.9125,0.0033,0.0009,0.0788,0.0021,0.3383,1
600883,博闻科技,1.66,390.25,-14.1999,0.0496,0.0127,28.6347,0.3002,0.0086,-22.3208,208.8503,4.9296,4.5758,208.0745,4.9296,32.9319,31.926,1006.3157,-2471.5769,95.3281,4.6719,-0.8059,-0.0033,-0.2065,-0.0702,-22.6276,0
600885,宏发股份,4.2,9.72,36.029,0.3105,3.1948,0.9794,1.0101,0.3823,65.3114,62.7948,10.3049,6.1908,63.1579,8.6146,2.454,1.8578,26.8419,1760.7039,67.3338,32.6662,-0.0263,-0.0057,-0.1978,-0.0173,-2.4389,1
600886,国投电力,2.53,13.26,40.3613,0.175,1.3198,1.2643,5.3547,0.4477,21.2167,-3.2423,10.9756,4.2998,-21.2179,14.8031,0.5819,0.5505,26.7062,362.6859,36.6691,63.3309,0.4286,0.0172,1.8521,0.0271,11.3287,0
600887,伊利股份,8.47,10.38,37.711,0.4653,4.4814,15.7998,2.1512,0.8491,32.6825,145.3654,26.861,19.4506,147.3684,24.3782,0.8322,0.6408,44.0407,-13611.7201,40.8742,59.1258,0.0412,0.0134,0.3968,0.0226,2.6058,0
600888,新疆众和,2.98,7.98,12.215,0.1413,1.7693,3.5999,1.1778,0.3689,97.2625,126.8363,5.6611,0.1586,131.0178,5.7603,1.7457,1.2764,49.7629,369.242,41.9731,58.0269,0.0534,0.0082,0.6656,0.0141,3.3937,0
600892,大晟文化,1.43,7.63,94.6225,0.0069,0.0908,2.1486,0.0709,0.2043,-15.1962,-79.3901,3.2182,-11.9685,-80.0,-2.7348,1.1117,0.9333,55.9915,407.6629,53.2926,46.7074,0.0595,0.0053,0.5965,0.0113,1.3987,0
600893,航发动力,0.09,0.91,15.338,0.0129,1.4038,0.4072,0.1522,0.0961,8.4065,-52.2423,3.0433,4.2739,-73.8903,25.5934,1.3779,0.5781,15.5101,371.2291,57.7192,42.2808,-0.7389,-0.0423,-60.2659,-0.1,-9.6633,1
600894,广日股份,0.37,2.09,11.0333,0.0357,1.7069,1.1252,1.1251,0.2391,34.1184,-21.6272,7.571,12.5565,-23.5546,7.7042,2.0231,1.6392,74.6725,-411.2564,73.4693,26.5307,-0.1028,-0.0133,-5.0995,-0.0501,-5.1375,0
600897,厦门空港,1.24,14.7,24.7948,0.1586,1.0789,1.3464,618.643,0.208,36.2461,1344.9618,2.0218,5.9269,1455.8824,1.5478,2.3683,2.3677,49.0017,24434.8113,84.9419,15.0581,0.0924,0.0062,0.5504,0.0414,4.5206,0
600900,长江电力,1.63,32.34,43.2391,0.1261,0.39,2.5262,17.3987,0.7078,5.7964,27.2485,16.6926,10.3263,21.2296,15.444,0.1304,0.1267,7.0605,395.1015,54.2649,45.7351,0.3725,0.0101,1.1319,0.0221,4.1487,0
600903,贵州燃气,0.63,1.23,11.988,0.0153,1.2435,1.4809,3.3607,0.643,43.132,-2.4933,9.9361,1.2535,0.0,3.1306,0.485,0.4018,11.8548,155.6172,38.2214,61.7786,-0.087,-0.0136,-6.2447,-0.022,-2.7563,0
600905,三峡能源,3.44,39.21,64.5077,0.5494,1.4013,0.2901,16.9965,0.1601,43.0816,51.39,12.3258,50.1614,-100.0,9.8958,0.9076,0.9049,20.0196,373.2082,31.0183,68.9817,0.5025,0.0123,1.1918,0.0178,6.5759,0
600917,重庆燃气,2.07,4.72,9.114,0.0602,1.2736,10.0612,22.8048,0.8155,35.175,86.5936,5.4005,4.6869,76.4706,6.7281,0.9032,0.8729,59.9882,-769.7716,52.415,47.585,0.0843,0.018,1.7785,0.0378,5.9627,0
600929,雪天盐业,1.72,8.7,33.1786,0.052,0.5977,4.6564,1.6976,0.3912,24.6837,14.2008,9.5883,16.1034,4.0,9.9182,1.4593,1.2243,58.2325,2092.508,63.9281,36.0719,0.0959,0.0116,1.0422,0.032,5.7237,1
600933,爱柯迪,2.39,13.42,29.4094,0.1251,0.9317,1.0319,1.0751,0.2309,31.1647,10.1024,8.6012,9.1167,18.1818,7.8091,4.3445,3.6295,222.3284,752.2063,76.5775,23.4225,0.0477,0.0064,0.3505,0.0274,4.6528,0
600959,江苏有线,0.33,4.29,26.6469,0.0145,0.3395,1.8486,1.1156,0.1979,3.4172,667.0557,0.4873,4.6517,1116.6667,0.3967,0.7681,0.6639,31.4425,-927.1076,66.195,33.805,0.0437,0.0022,0.816,0.0065,0.651,0
600961,株冶集团,31.3,1.41,3.6072,0.1087,7.6893,16.3015,4.2944,1.9092,18.5016,48.2468,13.4834,-20.3179,75.0,75.9799,0.6256,0.3891,8.4983,344.4567,14.0546,85.9454,0.0158,0.011,0.8882,0.0128,1.807,0
600962,国投中鲁,-0.19,-0.44,12.8821,-0.0052,1.1797,0.8974,0.323,0.215,18.4362,-36.9544,-14.7424,-1.0977,-235.8974,-15.3586,1.0742,0.4694,9.8933,121.9878,39.4289,60.5711,0.6911,0.1011,128.6683,0.1669,17.8892,1
600963,岳阳林纸,1.91,8.5,21.1032,0.0925,1.0876,3.0714,0.2839,0.2016,55.7893,91.845,4.5198,4.3059,45.3125,4.5266,1.8453,0.8099,14.9442,2069.498,54.4889,45.5111,0.015,0.0018,0.1753,0.004,0.5496,1
600966,博汇纸业,11.75,19.99,33.4204,0.6063,3.0315,7.1368,1.4135,0.5551,55.4869,337.243,26.4133,8.7383,337.1305,26.4133,0.7165,0.5135,28.997,3277.0441,32.937,67.063,0.4635,0.0897,2.3177,0.1338,16.4868,0
600967,内蒙一机,1.78,9.24,12.6357,0.1045,1.1314,3.3973,0.4235,0.0746,2.3188,22.8415,5.9727,21.7588,19.5402,6.2098,1.2879,1.0906,73.8816,-180.5946,32.9801,67.0199,0.1581,0.01,1.7081,0.0149,1.518,1
600968,海油发展,1.1,3.34,10.0446,0.0215,0.6442,0.8207,8.3096,0.4096,9.5912,69.1523,6.7409,5.8715,72.0,5.8894,1.6938,1.5991,40.658,18547.2433,68.0816,31.9184,0.0155,0.0034,0.4213,0.0106,1.165,0
600969,郴电国际,0.35,1.55,13.7266,0.0346,2.227,3.861,11.2764,0.3216,16.3859,12.5331,2.5284,10.8546,32.4427,2.2023,0.7938,0.7739,51.6021,255.8439,26.3831,73.6169,0.1877,0.0105,6.5206,0.0143,4.5325,0
600970,中材国际,2.73,5.58,15.6819,0.1737,3.1133,1.5913,1.8617,0.2365,41.3012,93.1537,6.9324,0.3858,70.0,7.1801,1.1445,1.0159,35.1889,794.0002,34.0304,65.9696,-0.2654,-0.0425,-4.7949,-0.0644,-7.2783,0
600970,中材国际,2.73,5.58,15.6819,0.1737,3.1133,1.5913,1.8617,0.2365,41.3012,93.1537,6.9324,0.3858,70.0,7.1801,1.1445,1.0159,35.1889,794.0002,34.0304,65.9696,-0.2654,-0.0425,-4.7949,-0.0644,-7.2783,0
600971,恒源煤电,2.59,15.86,38.8384,0.2067,1.3028,9.9727,3.1437,0.1918,27.0712,24.0677,6.0445,2.4871,24.1441,6.1337,1.6975,1.635,120.4087,2175.7138,59.1432,40.8568,0.2322,0.0222,1.4572,0.0544,7.4294,0
600973,宝胜股份,2.05,1.07,6.7082,0.0699,6.5287,2.2236,3.1261,0.638,39.0228,136.0434,10.5664,11.4875,118.75,13.2342,1.1165,0.8851,25.1695,244.5098,26.2914,73.7086,-0.1507,-0.0632,-11.4631,-0.0857,-10.2114,0
600975,新五丰,2.98,9.57,19.398,0.0666,0.6961,14.7492,0.4898,0.357,6.5232,-57.7456,16.2542,82.8554,-53.3333,15.3483,1.5221,0.6565,41.6832,469.8883,45.7856,54.2144,-0.3822,-0.0514,-4.0731,-0.0948,-18.9372,0
600976,健民集团,5.22,8.37,46.7213,0.4591,5.4849,2.0431,2.167,0.5365,91.0601,272.0684,10.4889,28.6635,283.3333,10.5407,1.3745,1.2181,10.5483,24526.8275,52.8798,47.1202,0.0466,0.0153,0.555,0.0325,3.3217,1
600979,广安爱众,0.55,4.18,23.1274,0.0181,0.4335,2.0246,2.7046,0.3518,4.8547,23.0821,3.831,4.5977,0.0,4.3916,0.9132,0.8147,48.0191,216.2071,46.1386,53.8614,0.1529,0.0089,4.1602,0.0165,4.4161,0
600980,北矿科技,1.92,8.67,24.219,0.0854,0.9843,1.0908,0.6322,0.2303,21.6674,47.3671,7.4711,10.1328,48.0903,7.6093,2.9226,2.0934,91.6597,-1460.7761,72.6834,27.3166,0.0596,0.0095,0.6903,0.0349,3.926,0
600982,宁波能源,1.23,4.62,16.5834,0.0395,0.8553,4.9484,6.2117,0.3531,54.7187,63.6585,6.7606,16.9631,80.8889,5.0803,1.0754,1.042,65.1107,684.9941,51.3026,48.6974,0.1695,0.0205,2.8262,0.0421,5.7268,0
600985,淮北矿业,5.16,9.46,24.5316,0.5365,5.6656,6.9737,5.736,0.9019,-12.6538,58.5288,18.0961,4.693,44.7368,14.9253,0.5179,0.4533,10.8021,860.7775,40.1957,59.8043,0.0782,0.0145,0.7557,0.0242,3.5294,0
600986,浙文互联,1.29,1.69,6.3338,0.036,2.1259,0.8306,5.6946,0.5216,24.5298,178.5824,3.7051,-4.3523,300.0,3.5885,1.7286,1.6133,25.4186,1068.6324,54.532,45.468,-0.1166,-0.0472,-6.6848,-0.1037,-10.5787,1
600987,航民股份,1.9,4.26,8.5202,0.0928,2.1779,10.2359,1.6737,0.4699,120.5218,32.2936,7.6435,4.1522,28.5714,7.9146,3.8862,2.9007,143.8935,-2080.5801,79.7456,20.2544,0.0413,0.0133,0.8645,0.0655,7.4531,0
600988,赤峰黄金,4.64,22.09,44.8393,0.1013,0.4587,103.822,0.4663,0.2372,-37.4383,847.4694,4.5287,-14.3274,900.0,4.314,3.1981,2.0415,155.0947,4623.3705,59.9571,40.0429,0.0311,0.0036,0.1312,0.0089,2.6548,1
600989,宝丰能源,6.29,34.7,51.4121,0.2356,0.6789,259.8422,3.0449,0.935,37.9403,110.254,13.6645,12.4526,118.1818,13.6645,0.9738,0.8416,68.9882,2102.1804,67.1735,32.8265,0.3367,0.041,0.9702,0.125,28.2131,0
600993,马应龙,3.96,13.61,37.0527,0.272,1.9973,5.9337,1.9587,0.2733,156.8709,13.966,11.868,16.1802,8.0,10.9713,4.2308,3.8523,166.2567,-1553.4327,76.5802,23.4198,-0.1394,-0.03,-1.0159,-0.1281,-15.9242,1
600995,文山电力,4.33,19.3,23.93,0.2041,1.0572,2.4734,34.9251,1.0039,11.86,3.9289,-1.1834,9.0648,0.0,-1.1834,0.8253,0.8059,36.7462,16316.0666,72.5502,27.4498,0.2914,0.0475,1.5092,0.1729,20.8108,0
600997,开滦股份,4.76,10.38,23.2046,0.3817,3.6771,3.1953,4.2547,0.4168,25.6176,107.4631,8.5232,12.9882,90.0,9.1231,1.6752,1.5462,87.2881,1197.7803,52.458,47.542,0.1244,0.0254,0.9766,0.0534,8.2858,1
600998,九州通,3.36,2.32,7.8042,0.4055,17.413,1.186,1.9976,0.4918,20.0782,28.8135,22.0346,14.4978,25.0,23.6731,1.2498,0.9616,22.4356,430.1602,32.039,67.961,-0.0742,-0.0294,-3.0637,-0.0433,-4.5484,0
